country_id,indicator_id,value,version,review_status,change_note,source_url,tags,country_name,pattern,sources_count,domain
AUS,IT01,"Internet‑ZT
共通閉域に一極集中せず、クラウド・SaaS周縁の Internet＋ZT 構成を主流に。設計は“インターネット前提”で、境界に依存しないゼロトラスト制御（強制MFA、端末姿勢検証、属性ベースの最小権限、暗号化、継続監査）を標準とする。ネットワークはセグメントを薄く保ち、ブローカー型の安全な接続・プロキシ・CASBでSaaS／IaaSを一貫統制する。ログは中央に集約して相関分析・自動対応を行い、構成と脆弱性はカタログ化して継続的に是正する。レガシー接続や高機密領域は画面転送・無害化・強制プロキシ等で補完し、段階的にZT成熟度を高める。",2026-02-18,published,carried over from existing IT01,https://www.cyber.gov.au/business-government/asds-cyber-security-frameworks/ism,sectoral;zt,Australia,Internet‑ZT,1,Central Network Architecture
AUS,IT02,"Local-Sectoral
全国統一の自治体閉域は存在せず、州・準州レベルのネットワーク／共同事業や各自治体の直収接続を組み合わせる“分権型”が一般的。業務系は州の共有サービスや安全なインターネットゲートウェイを通す設計が多く、画面転送・プロキシ・ファイル無害化などの検疫で公開系と分離する。可視化と統制はASDのガイダンスに基づき、最小権限・多層防御と合わせてログ一元化を強化する。州・準州・自治体の共同接続モデルを前提に、拠点直収／地域DC経由／共同運用など複数の接続形態を標準化する。境界はゲートウェイに集約し、プロキシ／中継／無害化・画面転送で公開系と業務系を明確に分離する。ログは共通様式で一元収集し、相関・脅威インテリジェンス連携・手順化されたインシデント対応で可観測性を高める。クラウド／SaaS 連携はテンプレート化されたネットワーク・ID・鍵管理で再利用性を高め、段階的にハイブリッド移行を進める。",2026-02-18,published,initial AUS IT02,https://www.cyber.gov.au/resources-business-and-government/governance-and-user-education/ism,local,Australia,Local-Sectoral,1,Local/Regional Network Model
AUS,IT03,"Sec-ZT-Policy
ASD ISM と Essential Eight を基盤に、政府横断でZT原則（強固な認証、端末姿勢、最小権限、暗号化、継続監査）を方針化。レガシー境界は段階的に縮退し、SIEM/SOC で相関分析を標準化。クラウドやSaaSでも契約・監査・鍵管理の共通枠で一貫統制。ゼロトラスト実装はガバナンス（役割・責任・監査）とポリシー・コード化（IaC/PaC）を伴い、段階的ロードマップで展開する。ID連携・デバイス健全性・ネットワーク・アプリ・データ各柱の測定指標を定義し、成熟度を四半期ベースで可視化する。供給網リスク（SaaS/オープンソース/第三者委託）は契約・検証・監査証跡で管理し、SOCで相関・自動化を進める。クラウド採用時はランディングゾーンと鍵管理・秘匿化標準を適用し、オンプレとの接続は最小境界とする。",2026-02-18,published,initial AUS IT03,https://blueprint.asd.gov.au/security-and-governance/essential-eight/,policy;zt,Australia,Sec-ZT-Policy,1,Security / Zero-Trust Policy
AUS,IT04,"Risk-Zoning-ZT
ASD ISM と Essential Eight を基礎に、用途・機密度に応じた分離（管理系／業務系／公開系）とゼロトラスト要素（MFA・端末健全性・継続検証）を段階的に導入。物理分離が困難な領域ではプロキシ・VDI・CASB 等の論理分離を併用し、ログの集中相関でインシデント対応を平準化する。州や共同体の基準に準拠しつつ、自治体の規模に合わせたガードレールで運用負荷を抑える。データ分類と業務影響分析に基づきゾーンを定義し、境界は無害化・プロキシ・相互TLS・強制記録で多層化する。ID連携は属性・同意・最小権限を基本とし、端末はEDRと姿勢評価で継続検証する。バックアップとDRはゾーン横断の演習で検証し、レポーティングと監査証跡で再現性を確保する。可視化は共通ダッシュボードに統合し、運用手順と権限は職務分掌に沿って最小化する。",2026-02-18,published,initial AUS IT04,https://blueprint.asd.gov.au/security-and-governance/essential-eight/,partial;zt,Australia,Risk-Zoning-ZT,1,Risk Zoning / Segmentation
AUS,IT05,"Procurement
Whole-of-government のクラウド方針とアシュアランス（認定、契約、保護要件）を軸に、複数CSPを調達で使い分ける。ワークロードは基準化されたリファレンスアーキテクチャで展開し、ネットワークは専用接続／ZT制御で保護する。監査・鍵管理・ログ集約は共通枠組みで統制し、依拠データの所在と越境移転に配慮する。ポリシー／アシュアランス主導でクラウドを採用し、契約・セキュリティ基準・プライバシー・データ所在を明文化する。ランディングゾーン・ネットワーク・ID・鍵管理・監査の標準テンプレートを提供し、部門横断の再利用を促進する。クラウド審査／リスク評価／監査対応は中央で支援し、サービス選定の指針とガードレールで逸脱を抑止する。運用メトリクスと費用対効果を継続測定し、改善サイクルをポリシーへ反映する。",2026-02-18,published,initial AUS IT05,https://blueprint.asd.gov.au/security-and-governance/essential-eight/,procurement,Australia,Procurement,1,Government Cloud (Central)
AUS,IT06,"Procurement
自治体向けの全国統一クラウドは存在せず、州の共通枠やAoG契約、セキュアなSaaS/PaaSの選定ガイドに従って導入。リファレンス設計（ID連携、ログ、バックアップ、災対）を共有し、SaaS 連携はCASB等で統制。移行段階ではハイブリッドとし、オンプレから段階的に権限・監査をクラウド基盤へ集約する。共通のガードレール（ID・監査・ログ・バックアップ・DR）に沿って設計・導入し、契約でデータ保護条項と第三者監査を担保する。SaaS利用は属性・同意・監査の前提で連携し、PII／センシティブ情報は暗号化・鍵分離で保護する。ネットワークは最小境界を維持し、必要に応じてVDI／無害化・強制プロキシで分離を補強する。費用対効果と成熟度を定期評価し、改善結果を標準テンプレートへ反映する。",2026-02-18,published,initial AUS IT06,https://blueprint.asd.gov.au/security-and-governance/essential-eight/,procurement,Australia,Procurement,1,Government Cloud (Local)
CAN,IT01,"GovNet‑Common 
連邦の共通接続とセキュリティ基盤の上に、TBS の GC Cloud Guardrails と CCCS のゼロトラスト指針を横断適用。Internet‑first＋ZT を前提に ID・端末・ネットワーク・アプリ・データ各柱を継続検証し、クラウドは Guardrails に沿って鍵管理・監査・分離を共通統制する。",2026-02-18,published,carried over from existing IT01,https://www.tbs-sct.canada.ca/pol/doc-eng.aspx?id=32787&section=html,sectoral,Canada,GovNet‑Common,1,Central Network Architecture
CAN,IT02,"Local-Sectoral
全国レベルの自治体閉域はなく、州・準州や共同体（例：ブロードバンド計画、DC共同化）が中核。自治体の業務トラフィックは州ゲートウェイや自前のセキュアインターネット経路で検疫・監査され、公開系と業務系はプロキシ・無害化・画面転送などの組合せで分離される。相互運用はガイドラインと共通ログで担保し、脅威共有を通じて可視性を高める。州・準州・自治体の共同接続モデルを前提に、拠点直収／地域DC経由／共同運用など複数の接続形態を標準化する。境界はゲートウェイに集約し、プロキシ／中継／無害化・画面転送で公開系と業務系を明確に分離する。ログは共通様式で一元収集し、相関・脅威インテリジェンス連携・手順化されたインシデント対応で可観測性を高める。クラウド／SaaS 連携はテンプレート化されたネットワーク・ID・鍵管理で再利用性を高め、段階的にハイブリッド移行を進める。",2026-02-18,published,initial CAN IT02,https://www.canada.ca/en/government/system/digital-government/digital-government-innovations/cloud-guardrails.html,local,Canada,Local-Sectoral,1,Local/Regional Network Model
CAN,IT03,"Sec-ZT-Policy
TBS/CSE のガイダンスに基づき、政府横断でZTアーキテクチャ（ID連携、端末健全性、マイクロセグメント、ログ相関）を方針化。クラウドではGuardrailsの下で鍵・監査・脆弱性管理を共通統制。ゼロトラスト実装はガバナンス（役割・責任・監査）とポリシー・コード化（IaC/PaC）を伴い、段階的ロードマップで展開する。ID連携・デバイス健全性・ネットワーク・アプリ・データ各柱の測定指標を定義し、成熟度を四半期ベースで可視化する。供給網リスク（SaaS/オープンソース/第三者委託）は契約・検証・監査証跡で管理し、SOCで相関・自動化を進める。クラウド採用時はランディングゾーンと鍵管理・秘匿化標準を適用し、オンプレとの接続は最小境界とする。",2026-02-18,published,initial CAN IT03,https://www.cyber.gc.ca/en/guidance/zero-trust-approach-security-architecture-itsm10008,policy;zt,Canada,Sec-ZT-Policy,1,Security / Zero-Trust Policy
CAN,IT04,"Risk-Zoning-ZT
連邦のITSG/NIST準拠の枠組みやCSEガイダンスを参照し、自治体はリスクベースのゾーニングとZTコントロール（MFA、端末姿勢、権限最小化、ログ相関）を実装。州標準との整合を取りつつ、住民サービスやSaaS連携には属性ベースのアクセス制御とCASBを併用し、個人情報の取り扱いを省法制に適合させる。データ分類と業務影響分析に基づきゾーンを定義し、境界は無害化・プロキシ・相互TLS・強制記録で多層化する。ID連携は属性・同意・最小権限を基本とし、端末はEDRと姿勢評価で継続検証する。バックアップとDRはゾーン横断の演習で検証し、レポーティングと監査証跡で再現性を確保する。可視化は共通ダッシュボードに統合し、運用手順と権限は職務分掌に沿って最小化する。",2026-02-18,published,initial CAN IT04,https://www.canada.ca/en/government/system/digital-government/digital-government-innovations/cloud-guardrails.html,partial;zt,Canada,Risk-Zoning-ZT,1,Risk Zoning / Segmentation
CAN,IT05,"Procurement
Cloud Adoption Strategy と Guardrails に基づく共通ポリシー／保証で、複数CSPを調達・アセスメント経由で活用。識別・鍵・ログ・脆弱性管理は共通統制の対象とし、機密度に応じたデータ取り扱い基準（居住・越境）を適用する。ポリシー／アシュアランス主導でクラウドを採用し、契約・セキュリティ基準・プライバシー・データ所在を明文化する。ランディングゾーン・ネットワーク・ID・鍵管理・監査の標準テンプレートを提供し、部門横断の再利用を促進する。クラウド審査／リスク評価／監査対応は中央で支援し、サービス選定の指針とガードレールで逸脱を抑止する。運用メトリクスと費用対効果を継続測定し、改善サイクルをポリシーへ反映する。",2026-02-18,published,initial CAN IT05,https://www.cyber.gc.ca/en/guidance/zero-trust-approach-security-architecture-itsm10008,procurement,Canada,Procurement,1,Government Cloud (Central)
CAN,IT06,"Procurement
自治体向けの全国共通クラウドは未整備で、州・準州の契約やAoG調達を通じて導入するのが一般的。共通ガードレール（ID連携、ログ、監査、バックアップ）に沿って設計し、住民向けSaaSの利用はプライバシー評価と契約条項で統制する。共通のガードレール（ID・監査・ログ・バックアップ・DR）に沿って設計・導入し、契約でデータ保護条項と第三者監査を担保する。SaaS利用は属性・同意・監査の前提で連携し、PII／センシティブ情報は暗号化・鍵分離で保護する。ネットワークは最小境界を維持し、必要に応じてVDI／無害化・強制プロキシで分離を補強する。費用対効果と成熟度を定期評価し、改善結果を標準テンプレートへ反映する。",2026-02-18,published,initial CAN IT06,https://www.canada.ca/en/government/system/digital-government/digital-government-innovations/cloud-guardrails.html,procurement,Canada,Procurement,1,Government Cloud (Local)
DEU,IT01,"GovNet‑Common
連邦の NdB と Bund‑Länder Verbindungsnetz により連邦–州–自治体の相互接続を段階統合する“連邦型”アーキテクチャ。この共通閉域は、冗長構成と多層防御を前提に、認証・認可、暗号化、ネットワーク分離の基準を横断適用する。外部系や他閉域（自治体網・分野網・学術網等）との接続は標準ゲートウェイで集約し、プロキシ／中継／検疫で最小化された面で制御する。運用面では集中監視（ログ集約・相関分析）と障害・脅威対応のハンドブックを共通化し、定期的な演習と監査で成熟度を引き上げる。クラウド／SaaS活用時は専用接続やZTポリシーを組み合わせ、オンプレとのハイブリッド移行を段階的に支える。",2026-02-18,published,carried over from existing IT01,https://www.bmi.bund.de/DE/themen/it-und-digitalpolitik/it-des-bundes/netze-des-bundes/netze-des-bundes-node.html,local,Germany,GovNet‑Common,1,Central Network Architecture
DEU,IT02,"Local-Sectoral
全国単一の自治体閉域はなく、各州（Länder）や自治体共同体が運用するネットワーク／DC基盤を相互接続する“連邦型”。行政手続のOAは州域ゲートウェイを介してオンライン化され、公開系とはプロキシ・中継・無害化等で分離。Bund‑Länder 連携で相互運用を確保しつつ、自治体の自律性を維持する。州・準州・自治体の共同接続モデルを前提に、拠点直収／地域DC経由／共同運用など複数の接続形態を標準化する。境界はゲートウェイに集約し、プロキシ／中継／無害化・画面転送で公開系と業務系を明確に分離する。ログは共通様式で一元収集し、相関・脅威インテリジェンス連携・手順化されたインシデント対応で可観測性を高める。クラウド／SaaS 連携はテンプレート化されたネットワーク・ID・鍵管理で再利用性を高め、段階的にハイブリッド移行を進める。",2026-02-18,published,initial DEU IT02,https://www.bmi.bund.de/EN/topics/it-digital-policy/it-security/it-security-node.html,local,Germany,Local-Sectoral,1,Local/Regional Network Model
DEU,IT03,"Sec-Hybrid
BSI IT‑Grundschutz を土台に、伝統的な境界防御にZT要素（MFA、最小権限、監査）を段階導入するハイブリッド。連邦/州/自治体の監査と指針で運用を平準化。レガシー境界はマイクロセグメント化と強制プロキシで段階的に縮退させ、重要系は物理＋論理分離で二重化する。MFA・端末姿勢・最小権限・暗号化・監査ログを既存システムに巻き取り、業務影響を抑えつつZTへ移行する。移行パターン（リホスト／リプラットフォーム／再設計）をプレイブック化し、共通テストと切替手順で品質を担保する。監査は連邦／州・省庁横断で基準を合わせ、重大インシデントの事後評価を教訓化して全体へ水平展開する。",2026-02-18,published,initial DEU IT03,https://www.bdbos.bund.de/DE/Aufgaben/NetzeDesBundes/AufbauUndStruktur/aufbauundstruktur_node.html,policy;zt,Germany,Sec-Hybrid,1,Security / Zero-Trust Policy
DEU,IT04,"Risk-Zoning-ZT
BSI IT‑Grundschutz を基盤に、情報価値に応じた保護要件（基礎/標準/上位）でゾーニングを実装。物理分離に頼りすぎない論理分離と最小権限、連邦/州/自治体の監査を通じ、ログ相関・脆弱性管理・バックアップを平準化。クラウドや外部接続は権限付与と検疫を経て最小化し、段階的にZT要素を取り込む。データ分類と業務影響分析に基づきゾーンを定義し、境界は無害化・プロキシ・相互TLS・強制記録で多層化する。ID連携は属性・同意・最小権限を基本とし、端末はEDRと姿勢評価で継続検証する。バックアップとDRはゾーン横断の演習で検証し、レポーティングと監査証跡で再現性を確保する。可視化は共通ダッシュボードに統合し、運用手順と権限は職務分掌に沿って最小化する。",2026-02-18,published,initial DEU IT04,https://www.bdbos.bund.de/DE/Aufgaben/NetzeDesBundes/AufbauUndStruktur/aufbauundstruktur_node.html,partial;zt,Germany,Risk-Zoning-ZT,1,Risk Zoning / Segmentation
DEU,IT05,"Multiple
Bundescloud や分散的な政府クラウド（DVC）等、連邦・州主体の複数基盤を制度連携。共通の識別・監査・ログ統制の下、業務の所在に応じてワークロードを配置し、ネットワークは専用接続／ZT制御で保護する。連邦・州・自治体等の複数クラウドを契約・認可・監査で連結し、最低統制（ID・鍵・ログ・脆弱性）を共通化する。相互接続はゲートウェイとトラスト境界でリスクを制御し、データ移送は暗号化・鍵分離・最小権限を徹底する。ポリシーはカタログ化し、標準テンプレートと自動化で配置・運用のばらつきを抑える。可視化は集中ダッシュボードに統合し、重要監査指標を定常モニタリングする。",2026-02-18,published,initial DEU IT05,https://www.bmi.bund.de/EN/topics/it-digital-policy/it-security/it-security-node.html,multiple,Germany,Multiple,1,Government Cloud (Central)
DEU,IT06,"Multiple
自治体クラウドは州単位や自治体共同体を中心に複数基盤が併存。連邦の相互運用フレームと契約ガイドを参照し、ID連携・監査・バックアップの共通項目を統一する。公開系SaaSはデータ所在・契約条項により制御し、機密度に応じた分離を維持。自治体向けに複数基盤を使い分けるモデルで、ID・ログ・バックアップ・DR等の基盤要件を標準テンプレート化する。ネットワークは閉域／専用接続／ZT制御を組み合わせ、公開SaaS連携はCASB等で属性・同意・監査を統制する。契約・監査・データ所在の要件は中央ガイドに準拠し、移行は段階的（評価→パイロット→横展開）に進める。小規模団体には運用支援・共通運用センターを提供し、可視化と復旧力を底上げする。",2026-02-18,published,initial DEU IT06,https://www.bmi.bund.de/EN/topics/it-digital-policy/it-security/it-security-node.html,multiple,Germany,Multiple,1,Government Cloud (Local)
DNK,IT01,"GovNet‑Sectoral 
医療 SDN や緊急通信 SINE など分野網を中核に、NIS2 に基づく強化と Internet‑first＋ZT の原則を適用。登録・管理責任・重大インシデント通報・適切なセキュリティ対策の実装を含む要件を満たし、クラウドや外部サービスはリスク管理と最小権限・継続検証で運用する。",2026-02-18,published,carried over from existing IT01,https://sikkerhedsnet.dk/en/,sectoral,Denmark,GovNet‑Sectoral,1,Central Network Architecture
DNK,IT02,"Local-Sectoral
全国一律の自治体閉域はなく、医療SDNや緊急通信SINE等の分野閉域と、自治体自営・共同の接続が組み合わさる。公開系とはプロキシや中継経路で厳格に分離し、データ交換はAPIカタログと権限管理で制御。監査・ログは共通要件に沿って集約し、支援機関の標準ガイドに従って運用を平準化する。州・準州・自治体の共同接続モデルを前提に、拠点直収／地域DC経由／共同運用など複数の接続形態を標準化する。境界はゲートウェイに集約し、プロキシ／中継／無害化・画面転送で公開系と業務系を明確に分離する。ログは共通様式で一元収集し、相関・脅威インテリジェンス連携・手順化されたインシデント対応で可観測性を高める。クラウド／SaaS 連携はテンプレート化されたネットワーク・ID・鍵管理で再利用性を高め、段階的にハイブリッド移行を進める。",2026-02-18,published,initial DNK IT02,https://www.coi.dk/english/,local,Denmark,Local-Sectoral,1,Local/Regional Network Model
DNK,IT03,"Sec-Hybrid
国家ガイドに沿って、用途別ゾーン化とZTの要素を混在導入。重要系は分離・強制プロキシ、一般系はMFAと端末衛生・監査で論理分離し、共通SOCで検知・対応力を強化。レガシー境界はマイクロセグメント化と強制プロキシで段階的に縮退させ、重要系は物理＋論理分離で二重化する。MFA・端末姿勢・最小権限・暗号化・監査ログを既存システムに巻き取り、業務影響を抑えつつZTへ移行する。移行パターン（リホスト／リプラットフォーム／再設計）をプレイブック化し、共通テストと切替手順で品質を担保する。監査は連邦／州・省庁横断で基準を合わせ、重大インシデントの事後評価を教訓化して全体へ水平展開する。",2026-02-18,published,initial DNK IT03,https://en.digst.dk/digital-governance/nis-2/what-are-the-requirements/,policy;zt,Denmark,Sec-Hybrid,1,Security / Zero-Trust Policy
DNK,IT04,"Risk-Zoning-ZT
国家ガイダンスに基づき、用途別ゾーン化と最小権限・MFA・端末姿勢確認を基本にZTを段階導入。自治体規模に応じてVDIやCASBで論理分離を補強し、重要系はネットワーク分離・無害化・強制プロキシで保護する。共通SOC/監査で早期検知と復旧力を高める。データ分類と業務影響分析に基づきゾーンを定義し、境界は無害化・プロキシ・相互TLS・強制記録で多層化する。ID連携は属性・同意・最小権限を基本とし、端末はEDRと姿勢評価で継続検証する。バックアップとDRはゾーン横断の演習で検証し、レポーティングと監査証跡で再現性を確保する。可視化は共通ダッシュボードに統合し、運用手順と権限は職務分掌に沿って最小化する。",2026-02-18,published,initial DNK IT04,https://en.digst.dk/digital-governance/nis-2/what-are-the-requirements/,partial;zt,Denmark,Risk-Zoning-ZT,1,Risk Zoning / Segmentation
DNK,IT05,"Procurement
政府はクラウドの選定・契約・法令遵守に関する公式ガイダンスを提供し、当局はリスク、法令、セキュリティ、契約観点を満たす形で商用クラウドを採用する。統制要件はアシュアランスと監査で担保し、データ所在地と越境移転を評価する。ポリシー／アシュアランス主導でクラウドを採用し、契約・セキュリティ基準・プライバシー・データ所在を明文化する。ランディングゾーン・ネットワーク・ID・鍵管理・監査の標準テンプレートを提供し、部門横断の再利用を促進する。クラウド審査／リスク評価／監査対応は中央で支援し、サービス選定の指針とガードレールで逸脱を抑止する。運用メトリクスと費用対効果を継続測定し、改善サイクルをポリシーへ反映する。",2026-02-18,published,initial DNK IT05,https://www.coi.dk/english/,procurement,Denmark,Procurement,1,Government Cloud (Central)
DNK,IT06,"Procurement
自治体は国の方針と調達実務に沿ってクラウドを採用。共通の契約条項・セキュリティ期待に合わせ、識別・ログ・バックアップ・DRの要件を満たす形で構成する。医療や教育など分野要件は追加統制で補強する。共通のガードレール（ID・監査・ログ・バックアップ・DR）に沿って設計・導入し、契約でデータ保護条項と第三者監査を担保する。SaaS利用は属性・同意・監査の前提で連携し、PII／センシティブ情報は暗号化・鍵分離で保護する。ネットワークは最小境界を維持し、必要に応じてVDI／無害化・強制プロキシで分離を補強する。費用対効果と成熟度を定期評価し、改善結果を標準テンプレートへ反映する。",2026-02-18,published,initial DNK IT06,https://en.digst.dk/digital-governance/nis-2/what-are-the-requirements/,procurement,Denmark,Procurement,1,Government Cloud (Local)
EST,IT01,"Internet‑ZT
専用閉域は最小限。X‑Road を核に“インターネット上で安全に”を実現するZT指向。設計は“インターネット前提”で、境界に依存しないゼロトラスト制御（強制MFA、端末姿勢検証、属性ベースの最小権限、暗号化、継続監査）を標準とする。ネットワークはセグメントを薄く保ち、ブローカー型の安全な接続・プロキシ・CASBでSaaS／IaaSを一貫統制する。ログは中央に集約して相関分析・自動対応を行い、構成と脆弱性はカタログ化して継続的に是正する。レガシー接続や高機密領域は画面転送・無害化・強制プロキシ等で補完し、段階的にZT成熟度を高める。",2026-02-18,published,carried over from existing IT01,https://e-estonia.com/solutions/interoperability-services/x-road/,sectoral;zt,Estonia,Internet‑ZT,1,Central Network Architecture
EST,IT02,"Internet-ZT
自治体専用の全国閉域は想定せず、X‑Road（X‑tee）を通じてインターネット上で安全に相互運用する設計。公開系と業務系の境界はID・相互TLS・アクセス権・監査証跡で統制し、物理分離に依存しない。重要情報は元台帳に留め、必要時に最小化して取得する“分散一元化”の原則を徹底する。Internet‑first を前提に、強制MFA・端末姿勢検証・属性ベース最小権限・暗号化・継続監査といったZT制御を標準化する。安全なインターネット接続とCASB／プロキシをブローカーとして配置し、SaaS／IaaS への経路と監査証跡を一貫統制する。レガシー系・高機密系はVDIや無害化・強制プロキシで補完し、分離レベルを用途に応じて可変化する。共通ログ基盤で相関・自動対応を実装し、設定・脆弱性の是正はカタログとガードレールで継続的に実施する。",2026-02-18,published,initial EST IT02,https://e-estonia.com/,internet-zt,Estonia,Internet-ZT,1,Local/Regional Network Model
EST,IT03,"Sec-ZT-Policy
eID/PKI と X‑Road を前提に、境界に依存しないZT方針（相互認証・暗号化・署名ログ・最小権限）を国家で制度化。可観測性と復旧性を全国で標準化。ゼロトラスト実装はガバナンス（役割・責任・監査）とポリシー・コード化（IaC/PaC）を伴い、段階的ロードマップで展開する。ID連携・デバイス健全性・ネットワーク・アプリ・データ各柱の測定指標を定義し、成熟度を四半期ベースで可視化する。供給網リスク（SaaS/オープンソース/第三者委託）は契約・検証・監査証跡で管理し、SOCで相関・自動化を進める。クラウド採用時はランディングゾーンと鍵管理・秘匿化標準を適用し、オンプレとの接続は最小境界とする。",2026-02-18,published,initial EST IT03,https://www.ria.ee/en/state-information-system/data-exchange-platforms/data-exchange-layer-x-tee,policy;zt,Estonia,Sec-ZT-Policy,1,Security / Zero-Trust Policy
EST,IT04,"Risk-Zoning-ZT
国家のeID/PKIとX‑Roadを前提に、サービス単位の細粒度な権限管理と継続検証を運用。境界では暗号化・相互認証・署名付きログを義務化し、バックアップや業務継続も中央の標準に準拠。物理分離が必要な領域は限定し、ZTの原則で再利用性と可観測性を高める。データ分類と業務影響分析に基づきゾーンを定義し、境界は無害化・プロキシ・相互TLS・強制記録で多層化する。ID連携は属性・同意・最小権限を基本とし、端末はEDRと姿勢評価で継続検証する。バックアップとDRはゾーン横断の演習で検証し、レポーティングと監査証跡で再現性を確保する。可視化は共通ダッシュボードに統合し、運用手順と権限は職務分掌に沿って最小化する。",2026-02-18,published,initial EST IT04,https://www.ria.ee/en/state-information-system/data-exchange-platforms/data-exchange-layer-x-tee,nationwide;zt,Estonia,Risk-Zoning-ZT,1,Risk Zoning / Segmentation
EST,IT05,"Nationwide
Riigipilv（政府クラウド）等の国家基盤を通じ、標準化された運用・セキュリティ・監査枠でワークロードを展開。識別・鍵・ログ・復旧の共通サービスを全国で提供し、オンプレや他閉域との連携は標準パターンに従う。複数CSP上に共通のランディングゾーン・ネットワーク・監査・鍵管理を実装し、横断テンプレートで迅速に展開する。コンプライアンスは継続評価（ポリシー・アズ・コード／ドリフト検出）で自動化し、第三者監査の証跡を標準化する。閉域／専用接続／ZT制御を使い分け、オンプレ・他閉域との連携は標準パターンで再利用する。ID連携・ログ・脆弱性管理・秘匿化等の共通サービスはプラットフォームとして提供し、利用部門の負担を低減する。",2026-02-18,published,initial EST IT05,https://www.ria.ee/en/state-information-system/data-exchange-platforms/data-exchange-layer-x-tee,govcloud;nationwide,Estonia,Nationwide,1,Government Cloud (Central)
EST,IT06,"Nationwide
自治体も国家クラウドとデータ交換基盤を共用。住民サービスのSaaS化や属性流通は同意・監査・最小権限の原則で実装し、共通ID基盤と署名基盤を再利用する。移行はテンプレート化され、監査と復旧計画が義務付けられる。自治体ワークロードを全国共通のクラウドに段階移行し、ランディングゾーンと監査・鍵管理を横断適用する。LG／分野閉域・オンプレとの接続は標準ゲートウェイとZT制御で一貫統制し、監査証跡を中央に集約する。運用は共同SOCや支援チームで平準化し、バックアップ／DRの演習を年次で実施する。SaaS活用は同意・属性・監査に基づき、住民向けサービスの迅速な提供と安全性を両立する。",2026-02-18,published,initial EST IT06,https://www.ria.ee/en/state-information-system/data-exchange-platforms/data-exchange-layer-x-tee,govcloud;nationwide,Estonia,Nationwide,1,Government Cloud (Local)
FRA,IT01,"GovNet‑Common
RIE（Réseau Interministériel de l’État）を省庁横断の共通閉域として運用。この共通閉域は、冗長構成と多層防御を前提に、認証・認可、暗号化、ネットワーク分離の基準を横断適用する。外部系や他閉域（自治体網・分野網・学術網等）との接続は標準ゲートウェイで集約し、プロキシ／中継／検疫で最小化された面で制御する。運用面では集中監視（ログ集約・相関分析）と障害・脅威対応のハンドブックを共通化し、定期的な演習と監査で成熟度を引き上げる。クラウド／SaaS活用時は専用接続やZTポリシーを組み合わせ、オンプレとのハイブリッド移行を段階的に支える。",2026-02-18,published,carried over from existing IT01,https://www.numerique.gouv.fr/actualites/retour-sur-les-10-ans-du-reseau-interministeriel-de-letat-rie/,sectoral,France,GovNet‑Common,1,Central Network Architecture
FRA,IT02,"Local-Sectoral
全国統一の自治体閉域はなく、RIEは中央向け。自治体は分野／地域の共同ネットワークや自前接続を組み合わせ、公開系はFranceConnectやAPIカタログ経由で統制。データ交換は権限管理と監査で制御し、無害化・中継で業務系と分離する。州・準州・自治体の共同接続モデルを前提に、拠点直収／地域DC経由／共同運用など複数の接続形態を標準化する。境界はゲートウェイに集約し、プロキシ／中継／無害化・画面転送で公開系と業務系を明確に分離する。ログは共通様式で一元収集し、相関・脅威インテリジェンス連携・手順化されたインシデント対応で可観測性を高める。クラウド／SaaS 連携はテンプレート化されたネットワーク・ID・鍵管理で再利用性を高め、段階的にハイブリッド移行を進める。",2026-02-18,published,initial FRA IT02,https://www.numerique.gouv.fr/actualites/franceconnect-plus/,local,France,Local-Sectoral,1,Local/Regional Network Model
FRA,IT03,"Sec-Hybrid
ANSSI ガイドに基づき、分離・ホワイトリスト等の従来統制にZT要素（強認証・属性制御・ログ相関）を組み合わせる移行型。クラウドは契約・監査・暗号化で補強。レガシー境界はマイクロセグメント化と強制プロキシで段階的に縮退させ、重要系は物理＋論理分離で二重化する。MFA・端末姿勢・最小権限・暗号化・監査ログを既存システムに巻き取り、業務影響を抑えつつZTへ移行する。移行パターン（リホスト／リプラットフォーム／再設計）をプレイブック化し、共通テストと切替手順で品質を担保する。監査は連邦／州・省庁横断で基準を合わせ、重大インシデントの事後評価を教訓化して全体へ水平展開する。",2026-02-18,published,initial FRA IT03,https://www.numerique.gouv.fr/actualites/retour-sur-les-10-ans-du-reseau-interministeriel-de-letat-rie/,policy;zt,France,Sec-Hybrid,1,Security / Zero-Trust Policy
FRA,IT04,"Risk-Zoning-ZT
ANSSIガイドに沿って、用途別ゾーン化・最小権限・強固な認証・ログ相関を実装。機密系はネットワーク分離・ホワイトリスト・媒体統制を徹底し、公開手続はFranceConnect+等の強い認証で保護。クラウドやSaaSは契約・監査・暗号化で統制する。データ分類と業務影響分析に基づきゾーンを定義し、境界は無害化・プロキシ・相互TLS・強制記録で多層化する。ID連携は属性・同意・最小権限を基本とし、端末はEDRと姿勢評価で継続検証する。バックアップとDRはゾーン横断の演習で検証し、レポーティングと監査証跡で再現性を確保する。可視化は共通ダッシュボードに統合し、運用手順と権限は職務分掌に沿って最小化する。",2026-02-18,published,initial FRA IT04,https://www.numerique.gouv.fr/actualites/retour-sur-les-10-ans-du-reseau-interministeriel-de-letat-rie/,partial;zt,France,Risk-Zoning-ZT,1,Risk Zoning / Segmentation
FRA,IT05,"Procurement
“Cloud de confiance” 等の方針・アシュアランスに基づき、複数CSPを適合条件下で採用。識別・鍵・ログ・監査の共通統制により、法令・主権要件を満たす。ポリシー／アシュアランス主導でクラウドを採用し、契約・セキュリティ基準・プライバシー・データ所在を明文化する。ランディングゾーン・ネットワーク・ID・鍵管理・監査の標準テンプレートを提供し、部門横断の再利用を促進する。クラウド審査／リスク評価／監査対応は中央で支援し、サービス選定の指針とガードレールで逸脱を抑止する。運用メトリクスと費用対効果を継続測定し、改善サイクルをポリシーへ反映する。",2026-02-18,published,initial FRA IT05,https://www.numerique.gouv.fr/actualites/franceconnect-plus/,procurement,France,Procurement,1,Government Cloud (Central)
FRA,IT06,"Procurement
自治体は国のクラウド方針とセキュリティ期待に合わせてクラウドを採用。個人データ処理は最小権限・暗号化・監査証跡で統制し、連携はAPI管理・同意管理に基づく。共通のガードレール（ID・監査・ログ・バックアップ・DR）に沿って設計・導入し、契約でデータ保護条項と第三者監査を担保する。SaaS利用は属性・同意・監査の前提で連携し、PII／センシティブ情報は暗号化・鍵分離で保護する。ネットワークは最小境界を維持し、必要に応じてVDI／無害化・強制プロキシで分離を補強する。費用対効果と成熟度を定期評価し、改善結果を標準テンプレートへ反映する。",2026-02-18,published,initial FRA IT06,https://www.numerique.gouv.fr/actualites/franceconnect-plus/,procurement,France,Procurement,1,Government Cloud (Local)
GBR,IT01,"Internet‑ZT 
PSN はクローズダウンの移行施策（FN4G）を経てレガシー化。設計は NCSC の Cloud Security／Zero Trust ガイダンスに基づく Internet‑first＋ZT を基本とし、境界に依存しない強制 MFA・端末姿勢・属性ベース最小権限・暗号化・継続監査を標準化する。FN4G は「PSN クローズダウンの移行施策として示された」旨の補足に留める。",2026-02-18,published,carried over from existing IT01,https://www.ncsc.gov.uk/collection/cloud,zt,United Kingdom,Internet‑ZT,1,Central Network Architecture
GBR,IT02,"Internet-ZT
PSNの段階的終了を受け、自治体のネットワークはInternet-first＋ZTへ移行。安全なインターネット接続、プロキシ／CASB、強制MFA、端末姿勢管理を前提に、公開系SaaSと業務系の連携は属性・同意・監査で制御する。必要領域のみ画面転送・無害化等で分離し、運用はNCSCガイドに準拠。Internet‑first を前提に、強制MFA・端末姿勢検証・属性ベース最小権限・暗号化・継続監査といったZT制御を標準化する。安全なインターネット接続とCASB／プロキシをブローカーとして配置し、SaaS／IaaS への経路と監査証跡を一貫統制する。レガシー系・高機密系はVDIや無害化・強制プロキシで補完し、分離レベルを用途に応じて可変化する。共通ログ基盤で相関・自動対応を実装し、設定・脆弱性の是正はカタログとガードレールで継続的に実施する。",2026-02-18,published,initial GBR IT02,https://www.ncsc.gov.uk/collection/zero-trust/architecture-design-principles,internet-zt,United Kingdom,Internet-ZT,1,Local/Regional Network Model
GBR,IT03,"Sec-ZT-Policy
NCSC の ZT アーキテクチャに沿い、政府横断で境界依存からの脱却を方針化。強制MFA、端末姿勢、属性ベース制御、監査一元化を推進し、クラウドとSaaSに共通ガードレールを適用。ゼロトラスト実装はガバナンス（役割・責任・監査）とポリシー・コード化（IaC/PaC）を伴い、段階的ロードマップで展開する。ID連携・デバイス健全性・ネットワーク・アプリ・データ各柱の測定指標を定義し、成熟度を四半期ベースで可視化する。供給網リスク（SaaS/オープンソース/第三者委託）は契約・検証・監査証跡で管理し、SOCで相関・自動化を進める。クラウド採用時はランディングゾーンと鍵管理・秘匿化標準を適用し、オンプレとの接続は最小境界とする。",2026-02-18,published,initial GBR IT03,https://www.ncsc.gov.uk/collection/zero-trust/architecture-design-principles,policy;zt,United Kingdom,Sec-ZT-Policy,1,Security / Zero-Trust Policy
GBR,IT04,"Risk-Zoning-ZT
NCSCのパターン（ゼロトラスト、クラウドセキュリティ、きめ細かなアクセス制御）に沿い、自治体は用途別分離と継続検証を導入。レガシー依存箇所はマイクロセグメントとプロキシで緩和し、ログの集中分析で検知と復旧を高速化。データ分類と業務影響分析に基づきゾーンを定義し、境界は無害化・プロキシ・相互TLS・強制記録で多層化する。ID連携は属性・同意・最小権限を基本とし、端末はEDRと姿勢評価で継続検証する。バックアップとDRはゾーン横断の演習で検証し、レポーティングと監査証跡で再現性を確保する。可視化は共通ダッシュボードに統合し、運用手順と権限は職務分掌に沿って最小化する。",2026-02-18,published,initial GBR IT04,https://www.ncsc.gov.uk/collection/zero-trust/architecture-design-principles,partial;zt,United Kingdom,Risk-Zoning-ZT,1,Risk Zoning / Segmentation
GBR,IT05,"Procurement
G‑Cloud/Digital Marketplace の共通調達により、セキュリティと契約を標準化。複数CSPを要件適合の下で採用し、ID連携・鍵・ログ・監査をAoG枠組で統制する。ポリシー／アシュアランス主導でクラウドを採用し、契約・セキュリティ基準・プライバシー・データ所在を明文化する。ランディングゾーン・ネットワーク・ID・鍵管理・監査の標準テンプレートを提供し、部門横断の再利用を促進する。クラウド審査／リスク評価／監査対応は中央で支援し、サービス選定の指針とガードレールで逸脱を抑止する。運用メトリクスと費用対効果を継続測定し、改善サイクルをポリシーへ反映する。",2026-02-18,published,initial GBR IT05,https://www.ncsc.gov.uk/collection/cloud-security,procurement,United Kingdom,Procurement,1,Government Cloud (Central)
GBR,IT06,"Procurement
自治体向けの全国共通クラウドは設けず、G‑Cloud 等の枠で調達・導入。住民向けサービスはSaaS中心とし、ゼロトラストのガードレール（MFA、端末衛生、ログ相関）で統制。共通のガードレール（ID・監査・ログ・バックアップ・DR）に沿って設計・導入し、契約でデータ保護条項と第三者監査を担保する。SaaS利用は属性・同意・監査の前提で連携し、PII／センシティブ情報は暗号化・鍵分離で保護する。ネットワークは最小境界を維持し、必要に応じてVDI／無害化・強制プロキシで分離を補強する。費用対効果と成熟度を定期評価し、改善結果を標準テンプレートへ反映する。",2026-02-18,published,initial GBR IT06,https://www.ncsc.gov.uk/collection/zero-trust/architecture-design-principles,procurement,United Kingdom,Procurement,1,Government Cloud (Local)
IND,IT01,"GovNet‑Common
NICNET / 各州 SWAN / NKN 等の分野ネットを連携させる“連邦型”設計。この共通閉域は、冗長構成と多層防御を前提に、認証・認可、暗号化、ネットワーク分離の基準を横断適用する。外部系や他閉域（自治体網・分野網・学術網等）との接続は標準ゲートウェイで集約し、プロキシ／中継／検疫で最小化された面で制御する。運用面では集中監視（ログ集約・相関分析）と障害・脅威対応のハンドブックを共通化し、定期的な演習と監査で成熟度を引き上げる。クラウド／SaaS活用時は専用接続やZTポリシーを組み合わせ、オンプレとのハイブリッド移行を段階的に支える。",2026-02-18,published,carried over from existing IT01,https://www.nic.gov.in/services/,local;sectoral,India,GovNet‑Common,1,Central Network Architecture
IND,IT02,"Local-Sectoral
各州のSWANやNICのネットワーク／DCを中核に、自治体は州ゲートウェイと安全なインターネット接続を使い分ける。公開系とは中継・無害化・逆プロキシで分離し、データ交換はDEPAの同意管理や標準APIで制御。重要台帳は元システムに留め、必要最小限の属性を共有する。州・準州・自治体の共同接続モデルを前提に、拠点直収／地域DC経由／共同運用など複数の接続形態を標準化する。境界はゲートウェイに集約し、プロキシ／中継／無害化・画面転送で公開系と業務系を明確に分離する。ログは共通様式で一元収集し、相関・脅威インテリジェンス連携・手順化されたインシデント対応で可観測性を高める。クラウド／SaaS 連携はテンプレート化されたネットワーク・ID・鍵管理で再利用性を高め、段階的にハイブリッド移行を進める。",2026-02-18,published,initial IND IT02,https://indiaai.gov.in/article/data-empowerment-and-protection-architecture-depa,local,India,Local-Sectoral,1,Local/Regional Network Model
IND,IT03,"Sec-Hybrid
CERT‑In/NISG の枠組みに基づくハイブリッド。重要系は分離・検疫を維持しつつ、MFA・最小権限・ログ相関を強化。法令に沿った同意・監査を前提にZT要素を段階導入。レガシー境界はマイクロセグメント化と強制プロキシで段階的に縮退させ、重要系は物理＋論理分離で二重化する。MFA・端末姿勢・最小権限・暗号化・監査ログを既存システムに巻き取り、業務影響を抑えつつZTへ移行する。移行パターン（リホスト／リプラットフォーム／再設計）をプレイブック化し、共通テストと切替手順で品質を担保する。監査は連邦／州・省庁横断で基準を合わせ、重大インシデントの事後評価を教訓化して全体へ水平展開する。",2026-02-18,published,initial IND IT03,https://cloud.gov.in/,policy;zt,India,Sec-Hybrid,1,Security / Zero-Trust Policy
IND,IT04,"Risk-Zoning-ZT
CERT‑In やNISGのガイドに基づき、リスクベース分離・MFA・最小権限・ログ相関を導入。Aadhaar/KYC 系の連携は法令と判決に沿って同意と代替手段を確保し、行政データの共有はDEPAの同意アーキテクチャで標準化。データ分類と業務影響分析に基づきゾーンを定義し、境界は無害化・プロキシ・相互TLS・強制記録で多層化する。ID連携は属性・同意・最小権限を基本とし、端末はEDRと姿勢評価で継続検証する。バックアップとDRはゾーン横断の演習で検証し、レポーティングと監査証跡で再現性を確保する。可視化は共通ダッシュボードに統合し、運用手順と権限は職務分掌に沿って最小化する。",2026-02-18,published,initial IND IT04,https://cloud.gov.in/,partial;zt,India,Risk-Zoning-ZT,1,Risk Zoning / Segmentation
IND,IT05,"Multiple
MeghRaj（GI Cloud）構想の下、政府機関向けのクラウドを複数CSPで運用。アカウント統制、鍵管理、監査、ログの共通要件が定義され、データ分類に応じた保護を適用する。連邦・州・自治体等の複数クラウドを契約・認可・監査で連結し、最低統制（ID・鍵・ログ・脆弱性）を共通化する。相互接続はゲートウェイとトラスト境界でリスクを制御し、データ移送は暗号化・鍵分離・最小権限を徹底する。ポリシーはカタログ化し、標準テンプレートと自動化で配置・運用のばらつきを抑える。可視化は集中ダッシュボードに統合し、重要監査指標を定常モニタリングする。",2026-02-18,published,initial IND IT05,https://indiaai.gov.in/article/data-empowerment-and-protection-architecture-depa,multiple,India,Multiple,1,Government Cloud (Central)
IND,IT06,"Multiple
州DCやNICのクラウドと連携し、自治体ワークロードを段階的にクラウドへ移行。テンプレート化されたセキュリティコントロール（ID、ログ、バックアップ、DR）を再利用し、SaaSの採用は同意・監査と契約統制を前提とする。自治体向けに複数基盤を使い分けるモデルで、ID・ログ・バックアップ・DR等の基盤要件を標準テンプレート化する。ネットワークは閉域／専用接続／ZT制御を組み合わせ、公開SaaS連携はCASB等で属性・同意・監査を統制する。契約・監査・データ所在の要件は中央ガイドに準拠し、移行は段階的（評価→パイロット→横展開）に進める。小規模団体には運用支援・共通運用センターを提供し、可視化と復旧力を底上げする。",2026-02-18,published,initial IND IT06,https://indiaai.gov.in/article/data-empowerment-and-protection-architecture-depa,multiple,India,Multiple,1,Government Cloud (Local)
JPN,IT01,"GovNet‑Common
中央府省横断の政府共通閉域（GSS/G‑Net）。各府省と共通基盤を高可用な冗長構成で相互接続し、政府共通の監視・運用ルール（ログ収集、相関分析、障害連絡体制）を適用する。外部系とのデータ連携は所定のゲートウェイ（プロキシ／中継／検疫）を経由させ、LGWAN 等の分野・自治体閉域とはレイヤ分離とアクセス制御で一貫性を確保する。インターネット境界はポリシー集中管理と可視化（脅威インテリジェンス連携）を前提とし、将来的なゼロトラスト要素（ID・端末状態・アプリ・データ単位の継続検証）を段階導入できる設計を採る。",2026-02-18,published,refresh JPN IT01 detail (3x),https://www.digital.go.jp/assets/contents/node/basic_page/field_ref_resources/b5181b0c-6424-4977-b415-b1cbb3301bc8/6fad53cc/20240618_policies_assessment_outline_05.pdf,common;govnet,Japan,GovNet‑Common,1,Central Network Architecture
JPN,IT02,"LGWAN-type
自治体専用の広域行政ネットワーク（LGWAN）を中核。都道府県・政令市・基礎自治体を閉域上で相互接続し、業務系トラフィックはLGWAN-ASP等の共通サービス基盤へ安全に収容する。公開系や政府側閉域（GSS/G‑Net）とはレイヤを分離し、ゲートウェイでプロキシ／中継／無害化等の検疫を実施してデータフローを厳格に制御する。接続形態は各団体の規模・運用に応じた複数オプション（拠点直収／地域DC経由／共同運用等）を許容しつつ、監査・ログ・脅威連携の最低要件を共通化して可視性を確保する。",2026-02-18,published,expand JPN IT02 detail (3x),https://www.digital.go.jp/assets/contents/node/basic_page/field_ref_resources/b5181b0c-6424-4977-b415-b1cbb3301bc8/6fad53cc/20240618_policies_assessment_outline_05.pdf,lgwan;local,Japan,LGWAN-type,1,Local/Regional Network Model
JPN,IT03,"Sec-ZT-Policy
政府横断のゼロトラスト志向（共通ID・端末状態・アプリ・データに対する継続検証）を方針化し、ネットワーク境界に依存しないアクセス制御へ段階的に移行する。共通認証・認可、端末健全性チェック、最小権限、暗号化、集中ログ収集と相関分析（SIEM/SOC）を組み合わせ、クラウド境界でも一貫したポリシー適用と証跡管理を実現する。レガシー環境はリスク評価に基づくセグメンテーションで段階的に縮退させ、ガイドラインと監査で運用水準を平準化する。",2026-02-18,published,expand JPN IT03 detail (3x),https://www.digital.go.jp/assets/contents/node/basic_page/field_ref_resources/b5181b0c-6424-4977-b415-b1cbb3301bc8/6fad53cc/20240618_policies_assessment_outline_05.pdf,policy;zt,Japan,Sec-ZT-Policy,1,Security / Zero-Trust Policy
JPN,IT04,"Tri-Layer-JP
三層の構え（個人番号系／LGWAN系／インターネット系）。個人番号系は住民情報等の高保護データを収容し、外部接続を原則遮断した強固な分離と厳格な運用統制（媒体制御・持出禁止・多要素）を適用する。LGWAN系は自治体業務の基盤として各種アプリを閉域内で連携し、公開系とのやり取りは中継・無害化・画面転送等により必要最小限へ限定する。インターネット系は住民向けWebやSaaS活用を想定し、プロキシやCASB等で統制を強化する。全体としてログの一元管理とリスク対応を徹底し、近年はID強化やEDR等のZT要素を層横断で段階的に取り込む。",2026-02-18,published,expand JPN IT04 detail (3x),https://www.digital.go.jp/assets/contents/node/basic_page/field_ref_resources/b5181b0c-6424-4977-b415-b1cbb3301bc8/6fad53cc/20240618_policies_assessment_outline_05.pdf,local;tri-layer,Japan,Tri-Layer-JP,1,Risk Zoning / Segmentation
JPN,IT05,"Nationwide
ガバメントクラウド（政府共通）。複数の認定CSP上に共通基準（セキュリティ、運用、監査、BCP）を実装し、共通のランディングゾーンやテンプレートで府省庁横断の再利用性を高める。ID連携・鍵管理・ログ集約・脆弱性管理等の共通サービスを提供し、コンプライアンス要求（法令・プライバシー・第三者監査）を体系的に満たす。ネットワークは閉域／専用接続／ZT制御を使い分け、オンプレや他閉域（GSS/G‑Net、LGWAN）との連携も標準パターンで支援する。",2026-02-18,published,expand JPN IT05 detail (3x),https://www.digital.go.jp/assets/contents/node/basic_page/field_ref_resources/b5181b0c-6424-4977-b415-b1cbb3301bc8/6fad53cc/20240618_policies_assessment_outline_05.pdf,govcloud;nationwide,Japan,Nationwide,1,Government Cloud (Central)
JPN,IT06,"Nationwide
自治体もガバメントクラウドを共用（制度上は国・地方の共通基盤）。移行は段階的に進められ、自治体ワークロードは共通のブループリント（ID・ネットワーク・ログ・バックアップ）に沿って実装される。LGWANや既存庁内ネットとの接続は標準ゲートウェイとネットワークパターンで確実に分離・統制しつつ、住民向けサービスではSaaSやPaaSの利活用を促進する。中央の支援（ガイド、監査、運用支援）により小規模団体でも負担を抑えつつセキュリティ水準を確保する。",2026-02-18,published,expand JPN IT06 detail (3x),https://www.digital.go.jp/assets/contents/node/basic_page/field_ref_resources/b5181b0c-6424-4977-b415-b1cbb3301bc8/6fad53cc/20240618_policies_assessment_outline_05.pdf,govcloud;local,Japan,Nationwide,1,Government Cloud (Local)
KOR,IT01,"GovNet‑Common 
NIRS の統合 DC と政府共通ネット（G‑VPN 等）を基盤に、MSIT／KISA のゼロトラスト・ガイドライン 2.0 を取り込み Internet‑first＋ZT へ移行。ID・端末・ネットワーク・アプリ・データ各柱を継続検証し、クラウドや電子政府基盤は共通ガードレールで統制する。",2026-02-18,published,carried over from existing IT01,https://www.nirs.go.kr/eng/index.jsp,sectoral,South Korea,GovNet‑Common,1,Central Network Architecture
KOR,IT02,"Local-Sectoral
全国単一の自治体閉域は想定せず、中央の政府ネットワーク（G‑VPN）と地方の共同基盤を組み合わせる。公開系との分離はプロキシ・中継・無害化で実施し、モバイルIDの活用により職員認証を強化。ログ・監査は共通様式で可視化し、インシデント対応を迅速化する。州・準州・自治体の共同接続モデルを前提に、拠点直収／地域DC経由／共同運用など複数の接続形態を標準化する。境界はゲートウェイに集約し、プロキシ／中継／無害化・画面転送で公開系と業務系を明確に分離する。ログは共通様式で一元収集し、相関・脅威インテリジェンス連携・手順化されたインシデント対応で可観測性を高める。クラウド／SaaS 連携はテンプレート化されたネットワーク・ID・鍵管理で再利用性を高め、段階的にハイブリッド移行を進める。",2026-02-18,published,initial KOR IT02,https://www.msit.go.kr/eng/bbs/view.do?sCode=eng&mId=4&bbsSeqNo=42&nttSeqNo=1059,local,South Korea,Local-Sectoral,1,Local/Regional Network Model
KOR,IT03,"Sec-Hybrid
国家標準に基づき、重要系は分離・強制プロキシ、一般系はZT原則（MFA、端末衛生、継続検証）で論理分離。監査・訓練で復旧力を高め、クラウド境界も一貫統制。レガシー境界はマイクロセグメント化と強制プロキシで段階的に縮退させ、重要系は物理＋論理分離で二重化する。MFA・端末姿勢・最小権限・暗号化・監査ログを既存システムに巻き取り、業務影響を抑えつつZTへ移行する。移行パターン（リホスト／リプラットフォーム／再設計）をプレイブック化し、共通テストと切替手順で品質を担保する。監査は連邦／州・省庁横断で基準を合わせ、重大インシデントの事後評価を教訓化して全体へ水平展開する。",2026-02-18,published,initial KOR IT03,https://www.msit.go.kr/eng/bbs/view.do?sCode=eng&mId=4&bbsSeqNo=42&nttSeqNo=1059,policy;zt,South Korea,Sec-Hybrid,1,Security / Zero-Trust Policy
KOR,IT04,"Risk-Zoning-ZT
国家の情報保護基準に従い、重要系は分離・強制プロキシ・媒体統制で保護し、一般系はZT原則（MFA、端末衛生、継続検証）で論理分離。各自治体の監査・訓練を通じ、可観測性と復旧性を高める。データ分類と業務影響分析に基づきゾーンを定義し、境界は無害化・プロキシ・相互TLS・強制記録で多層化する。ID連携は属性・同意・最小権限を基本とし、端末はEDRと姿勢評価で継続検証する。バックアップとDRはゾーン横断の演習で検証し、レポーティングと監査証跡で再現性を確保する。可視化は共通ダッシュボードに統合し、運用手順と権限は職務分掌に沿って最小化する。",2026-02-18,published,initial KOR IT04,https://www.msit.go.kr/eng/bbs/view.do?sCode=eng&mId=4&bbsSeqNo=42&nttSeqNo=1059,partial;zt,South Korea,Risk-Zoning-ZT,1,Risk Zoning / Segmentation
KOR,IT05,"Multiple
統合プラットフォーム上で政府クラウドを展開し、資格連携や電子署名を含む共通サービスを提供。ワークロードの重要度に応じて複数基盤を使い分け、専用接続／ZT制御で境界を保護する。連邦・州・自治体等の複数クラウドを契約・認可・監査で連結し、最低統制（ID・鍵・ログ・脆弱性）を共通化する。相互接続はゲートウェイとトラスト境界でリスクを制御し、データ移送は暗号化・鍵分離・最小権限を徹底する。ポリシーはカタログ化し、標準テンプレートと自動化で配置・運用のばらつきを抑える。可視化は集中ダッシュボードに統合し、重要監査指標を定常モニタリングする。",2026-02-18,published,initial KOR IT05,https://www.mois.go.kr/eng/a01/policy/policy04/s04_02_02.jsp,multiple,South Korea,Multiple,1,Government Cloud (Central)
KOR,IT06,"Multiple
地方自治体も政府系クラウドや地域共同の基盤を活用。標準テンプレートでID・ログ・バックアップを統一し、住民向けサービスはモバイルID等と連携して利便・安全を両立する。自治体向けに複数基盤を使い分けるモデルで、ID・ログ・バックアップ・DR等の基盤要件を標準テンプレート化する。ネットワークは閉域／専用接続／ZT制御を組み合わせ、公開SaaS連携はCASB等で属性・同意・監査を統制する。契約・監査・データ所在の要件は中央ガイドに準拠し、移行は段階的（評価→パイロット→横展開）に進める。小規模団体には運用支援・共通運用センターを提供し、可視化と復旧力を底上げする。",2026-02-18,published,initial KOR IT06,https://www.msit.go.kr/eng/bbs/view.do?sCode=eng&mId=4&bbsSeqNo=42&nttSeqNo=1059,multiple,South Korea,Multiple,1,Government Cloud (Local)
NZL,IT01,"GovNet‑Sectoral
Public Safety Network（PSN）等の専門網＋ZT方針で政府全体を統制。分野別閉域は当該ミッション要件（可用性・遅延・主権・相互運用）に最適化され、共通の識別・鍵管理・ログ基準の下で連携する。相互接続はゲートウェイ集約でリスクを限定し、プロトコル変換や無害化でデータの取り回しを統一する。運用は分野SOCと中央の協調で可観測性を確保し、重要イベントは横断的な通報・分析・教訓化に流し込む。クラウド連携は分野規制に適合させつつ、ZT原則で最小権限と継続検証を適用する。",2026-02-18,published,carried over from existing IT01,https://ngcc.govt.nz/public-safety-network?url=public-safety-network%2F,sectoral;zt,New Zealand,GovNet‑Sectoral,1,Central Network Architecture
NZL,IT02,"Internet-ZT
全国の自治体閉域は設けず、NZISMのベースラインに基づくインターネット前提＋ZTで統制。安全な接続、MFA、端末健全性、ログ相関を前提に、公開SaaSと業務系の連携は属性・同意・監査で制御。必要に応じてVDIや無害化で追加分離する。Internet‑first を前提に、強制MFA・端末姿勢検証・属性ベース最小権限・暗号化・継続監査といったZT制御を標準化する。安全なインターネット接続とCASB／プロキシをブローカーとして配置し、SaaS／IaaS への経路と監査証跡を一貫統制する。レガシー系・高機密系はVDIや無害化・強制プロキシで補完し、分離レベルを用途に応じて可変化する。共通ログ基盤で相関・自動対応を実装し、設定・脆弱性の是正はカタログとガードレールで継続的に実施する。",2026-02-18,published,initial NZL IT02,https://www.digital.govt.nz/standards-and-guidance/technology-and-architecture/public-cloud/public-cloud-data-centre-certification/,internet-zt,New Zealand,Internet-ZT,1,Local/Regional Network Model
NZL,IT03,"Sec-ZT-Policy
NZISM を基礎に、境界依存から ZT へ移行する国家方針。安全な接続、強制MFA、端末健全性、ログ集中を標準とし、クラウドでは契約・監査・鍵管理を共通化。ゼロトラスト実装はガバナンス（役割・責任・監査）とポリシー・コード化（IaC/PaC）を伴い、段階的ロードマップで展開する。ID連携・デバイス健全性・ネットワーク・アプリ・データ各柱の測定指標を定義し、成熟度を四半期ベースで可視化する。供給網リスク（SaaS/オープンソース/第三者委託）は契約・検証・監査証跡で管理し、SOCで相関・自動化を進める。クラウド採用時はランディングゾーンと鍵管理・秘匿化標準を適用し、オンプレとの接続は最小境界とする。",2026-02-18,published,initial NZL IT03,https://www.digital.govt.nz/standards-and-guidance/technology-and-architecture/public-cloud/public-cloud-data-centre-certification/,policy;zt,New Zealand,Sec-ZT-Policy,1,Security / Zero-Trust Policy
NZL,IT04,"Risk-Zoning-ZT
NZISMのコントロールに沿って、用途別分離・最小権限・監査証跡を徹底。クラウドやSaaSはガバメント調達枠と保証で統制し、可観測性の高いログとインシデント手順で復旧力を確保。自治体規模に応じたテンプレートで導入を平準化する。データ分類と業務影響分析に基づきゾーンを定義し、境界は無害化・プロキシ・相互TLS・強制記録で多層化する。ID連携は属性・同意・最小権限を基本とし、端末はEDRと姿勢評価で継続検証する。バックアップとDRはゾーン横断の演習で検証し、レポーティングと監査証跡で再現性を確保する。可視化は共通ダッシュボードに統合し、運用手順と権限は職務分掌に沿って最小化する。",2026-02-18,published,initial NZL IT04,https://www.digital.govt.nz/standards-and-guidance/technology-and-architecture/public-cloud/public-cloud-data-centre-certification/,partial;zt,New Zealand,Risk-Zoning-ZT,1,Risk Zoning / Segmentation
NZL,IT05,"Procurement
Cloud First と PCDCC などの保証により、当局は要件適合した商用クラウドを採用。データ保護・監査・所在地の期待を満たし、ID連携・ログ・鍵管理を標準化する。ポリシー／アシュアランス主導でクラウドを採用し、契約・セキュリティ基準・プライバシー・データ所在を明文化する。ランディングゾーン・ネットワーク・ID・鍵管理・監査の標準テンプレートを提供し、部門横断の再利用を促進する。クラウド審査／リスク評価／監査対応は中央で支援し、サービス選定の指針とガードレールで逸脱を抑止する。運用メトリクスと費用対効果を継続測定し、改善サイクルをポリシーへ反映する。",2026-02-18,published,initial NZL IT05,https://www.police.govt.nz/about-us/publication/proactive-release-ngcc-psn-implementation-business-case,procurement,New Zealand,Procurement,1,Government Cloud (Central)
NZL,IT06,"Procurement
自治体はAoG調達枠とガバメントのガードレールに沿ってクラウドへ移行。テンプレート化されたセキュリティ構成（ID、ネットワーク、ログ、バックアップ）を採用し、SaaSの利用はプライバシー評価と契約で統制する。共通のガードレール（ID・監査・ログ・バックアップ・DR）に沿って設計・導入し、契約でデータ保護条項と第三者監査を担保する。SaaS利用は属性・同意・監査の前提で連携し、PII／センシティブ情報は暗号化・鍵分離で保護する。ネットワークは最小境界を維持し、必要に応じてVDI／無害化・強制プロキシで分離を補強する。費用対効果と成熟度を定期評価し、改善結果を標準テンプレートへ反映する。",2026-02-18,published,initial NZL IT06,https://www.police.govt.nz/about-us/publication/proactive-release-ngcc-psn-implementation-business-case,procurement,New Zealand,Procurement,1,Government Cloud (Local)
SGP,IT01,"Internet‑ZT
GCC2.0/+ による商用クラウド活用とZT統制を横断で標準化。必要箇所は分野閉域で補完。設計は“インターネット前提”で、境界に依存しないゼロトラスト制御（強制MFA、端末姿勢検証、属性ベースの最小権限、暗号化、継続監査）を標準とする。ネットワークはセグメントを薄く保ち、ブローカー型の安全な接続・プロキシ・CASBでSaaS／IaaSを一貫統制する。ログは中央に集約して相関分析・自動対応を行い、構成と脆弱性はカタログ化して継続的に是正する。レガシー接続や高機密領域は画面転送・無害化・強制プロキシ等で補完し、段階的にZT成熟度を高める。",2026-02-18,published,carried over from existing IT01,https://www.developer.tech.gov.sg/products/categories/infrastructure-and-hosting/gcc/overview,sectoral;zt,Singapore,Internet‑ZT,1,Central Network Architecture
SGP,IT02,"None
国家レベルの統合政府として自治体レイヤは想定されず、自治体共通ネットワークに相当する全国制度は存在しない。行政サービスはSingpassやMyInfo等の共通基盤の上で安全に提供され、必要に応じて分野ネットワークで補強される。シンガポールには地方自治体層が設けられていないため、本分類は None（該当制度なし）である。国家の共通基盤（Singpass／MyInfo など）上で行政サービスを提供し、必要に応じて分野別ネットワークで補完する方針を維持する。",2026-02-18,published,initial SGP IT02,https://www.developer.tech.gov.sg/products/categories/infrastructure-and-hosting/gcc/about-gcc-2-0,none,Singapore,,1,Local/Regional Network Model
SGP,IT03,"Sec-ZT-Policy
CSA/GovTech の基準に基づき、Singpass やMyInfoを核にZT方針を制度化。属性・同意・監査により細粒度アクセスを実現し、GCC 2.0/+ のガードレールで一貫統制。ゼロトラスト実装はガバナンス（役割・責任・監査）とポリシー・コード化（IaC/PaC）を伴い、段階的ロードマップで展開する。ID連携・デバイス健全性・ネットワーク・アプリ・データ各柱の測定指標を定義し、成熟度を四半期ベースで可視化する。供給網リスク（SaaS/オープンソース/第三者委託）は契約・検証・監査証跡で管理し、SOCで相関・自動化を進める。クラウド採用時はランディングゾーンと鍵管理・秘匿化標準を適用し、オンプレとの接続は最小境界とする。",2026-02-18,published,initial SGP IT03,https://www.developer.tech.gov.sg/products/categories/infrastructure-and-hosting/gcc/features-roadmap,policy;zt,Singapore,Sec-ZT-Policy,1,Security / Zero-Trust Policy
SGP,IT04,"None
自治体レベルの独立したセキュリティモデルは想定されず、国家の枠組み（CSA/NCSAガイド、GovTech標準）に統合。強固な認証（Singpass）とデータ共有基盤（MyInfo）を前提に、用途別分離と監査で統制される。",2026-02-18,published,initial SGP IT04,https://www.developer.tech.gov.sg/products/categories/infrastructure-and-hosting/gcc/about-gcc-2-0,none,Singapore,,1,Risk Zoning / Segmentation
SGP,IT05,"Multiple
GCC 2.0/+ により、政府は複数CSP上で共通のガードレールとホスティングオプションを提供。ワークロードはセキュアなランディングゾーンへ標準展開され、ID/鍵/ログ/監査の共通サービスを利用する。連邦・州・自治体等の複数クラウドを契約・認可・監査で連結し、最低統制（ID・鍵・ログ・脆弱性）を共通化する。相互接続はゲートウェイとトラスト境界でリスクを制御し、データ移送は暗号化・鍵分離・最小権限を徹底する。ポリシーはカタログ化し、標準テンプレートと自動化で配置・運用のばらつきを抑える。可視化は集中ダッシュボードに統合し、重要監査指標を定常モニタリングする。",2026-02-18,published,initial SGP IT05,https://www.developer.tech.gov.sg/assets/files/gcc-factsheet-121222.pdf,multiple,Singapore,Multiple,1,Government Cloud (Central)
SGP,IT06,"None
自治体共通クラウドに相当する制度は存在せず、必要な行政機能は国家の共通クラウド枠組に統合される。シンガポールには地方自治体層が設けられていないため、本分類は None（該当制度なし）である。必要な行政機能は国家の共通クラウド枠組に統合される。",2026-02-18,published,initial SGP IT06,https://www.developer.tech.gov.sg/products/categories/infrastructure-and-hosting/gcc/about-gcc-2-0,none,Singapore,,1,Government Cloud (Local)
SWE,IT01,"GovNet‑Common 
政府共通の SGSI と分野網 Sjunet を併用しつつ、Internet‑first＋ZT 志向で運用を近代化。SGSI はインターネットと分離した高可用の安全通信を提供し、公開系との連携は SDK などの安全なメッセージングを組み合わせる。クラウドや外部委託は DIGG の外部（モルン）運用・モルンサービスの指針に沿って法令と安全性を担保する。",2026-02-18,published,carried over from existing IT01,https://www.mcf.se/sv/amnesomraden/samhallsviktiga-kommunikationstjanster/sgsi/om-sgsi/om-sgsi/,sectoral,Sweden,GovNet‑Common,1,Central Network Architecture
SWE,IT02,"Local-Sectoral
全国の自治体閉域はなく、医療のSjunet等の分野閉域と各自治体のネットワークを組み合わせる。公開系とはプロキシ・無害化・VDIで分離し、相互運用はSweden Connect等の標準で担保。ログ・監査は共通期待に基づき可視化する。州・準州・自治体の共同接続モデルを前提に、拠点直収／地域DC経由／共同運用など複数の接続形態を標準化する。境界はゲートウェイに集約し、プロキシ／中継／無害化・画面転送で公開系と業務系を明確に分離する。ログは共通様式で一元収集し、相関・脅威インテリジェンス連携・手順化されたインシデント対応で可観測性を高める。クラウド／SaaS 連携はテンプレート化されたネットワーク・ID・鍵管理で再利用性を高め、段階的にハイブリッド移行を進める。",2026-02-18,published,initial SWE IT02,https://www.digg.se/en/what-we-do/e-identification,local,Sweden,Local-Sectoral,1,Local/Regional Network Model
SWE,IT03,"Sec-Hybrid
MSB/DIGG ガイドに沿った移行型。個人番号系など重要領域は強固な分離・媒体統制を維持しつつ、一般領域にZT要素（MFA、端末姿勢、継続検証）とログ集中を導入。レガシー境界はマイクロセグメント化と強制プロキシで段階的に縮退させ、重要系は物理＋論理分離で二重化する。MFA・端末姿勢・最小権限・暗号化・監査ログを既存システムに巻き取り、業務影響を抑えつつZTへ移行する。移行パターン（リホスト／リプラットフォーム／再設計）をプレイブック化し、共通テストと切替手順で品質を担保する。監査は連邦／州・省庁横断で基準を合わせ、重大インシデントの事後評価を教訓化して全体へ水平展開する。",2026-02-18,published,initial SWE IT03,https://www.digg.se/en/what-we-do/e-identification/sweden-connect,policy;zt,Sweden,Sec-Hybrid,1,Security / Zero-Trust Policy
SWE,IT04,"Risk-Zoning-ZT
MSB/ DIGG のガイドに沿い、用途別のゾーン化とZT要素（MFA、端末姿勢、継続検証）を導入。個人番号系・教育系などは追加統制で保護し、ログの集中分析とBCPで回復力を確保する。データ分類と業務影響分析に基づきゾーンを定義し、境界は無害化・プロキシ・相互TLS・強制記録で多層化する。ID連携は属性・同意・最小権限を基本とし、端末はEDRと姿勢評価で継続検証する。バックアップとDRはゾーン横断の演習で検証し、レポーティングと監査証跡で再現性を確保する。可視化は共通ダッシュボードに統合し、運用手順と権限は職務分掌に沿って最小化する。",2026-02-18,published,initial SWE IT04,https://www.digg.se/en/what-we-do/e-identification/sweden-connect,partial;zt,Sweden,Risk-Zoning-ZT,1,Risk Zoning / Segmentation
SWE,IT05,"Procurement
公共部門のクラウドは調達主導で、枠組契約と法令適合を前提にCSPを選定。データ保護・監査・所在地の期待を満たし、ID/ログ/鍵を標準化する。ポリシー／アシュアランス主導でクラウドを採用し、契約・セキュリティ基準・プライバシー・データ所在を明文化する。ランディングゾーン・ネットワーク・ID・鍵管理・監査の標準テンプレートを提供し、部門横断の再利用を促進する。クラウド審査／リスク評価／監査対応は中央で支援し、サービス選定の指針とガードレールで逸脱を抑止する。運用メトリクスと費用対効果を継続測定し、改善サイクルをポリシーへ反映する。",2026-02-18,published,initial SWE IT05,https://www.digg.se/en/what-we-do/e-identification/sweden-connect,procurement,Sweden,Procurement,1,Government Cloud (Central)
SWE,IT06,"Procurement
自治体は枠組契約とガイドラインに沿ってクラウドを採用。個人データ処理は暗号化・監査・権限最小化で統制し、Sweden Connect等の共通基盤で認証を統一する。共通のガードレール（ID・監査・ログ・バックアップ・DR）に沿って設計・導入し、契約でデータ保護条項と第三者監査を担保する。SaaS利用は属性・同意・監査の前提で連携し、PII／センシティブ情報は暗号化・鍵分離で保護する。ネットワークは最小境界を維持し、必要に応じてVDI／無害化・強制プロキシで分離を補強する。費用対効果と成熟度を定期評価し、改善結果を標準テンプレートへ反映する。",2026-02-18,published,initial SWE IT06,https://www.digg.se/en/what-we-do/e-identification,procurement,Sweden,Procurement,1,Government Cloud (Local)
USA,IT01,"Internet‑ZT 
全国単一の政府閉域は置かず、連邦ゼロトラスト戦略（OMB M‑22‑09）と CISA の ZT 成熟度モデル v2 を軸に Internet‑first＋ZT の分散アーキテクチャへ移行。TIC 3.0 と CISA Cloud Security Technical Reference Architecture（CSTRA）を組み合わせ、ID・デバイス・ネットワーク・アプリ・データ各柱で継続検証と最小権限を徹底し、SaaS／IaaS は共通ガードレールで統制する。ログは集中し、相関分析と自動化（SIEM/SOAR）で可観測性と復旧力を高める。",2026-02-18,published,carried over from existing IT01,https://www.cisa.gov/resources-tools/resources/cloud-security-technical-reference-architecture-tra,sectoral;zt,United States of America,Internet‑ZT,1,Central Network Architecture
USA,IT02,"Internet-ZT
全国の自治体閉域は想定せず、TIC 3.0 に基づく安全なインターネット接続とZTパターンで統制。公開系SaaSと業務系は属性・同意・監査で連携し、必要領域ではVDI・無害化・強制プロキシで分離。州・郡・市の裁量により実装は多様だが、共通の最小要件で可視性を確保する。Internet‑first を前提に、強制MFA・端末姿勢検証・属性ベース最小権限・暗号化・継続監査といったZT制御を標準化する。安全なインターネット接続とCASB／プロキシをブローカーとして配置し、SaaS／IaaS への経路と監査証跡を一貫統制する。レガシー系・高機密系はVDIや無害化・強制プロキシで補完し、分離レベルを用途に応じて可変化する。共通ログ基盤で相関・自動対応を実装し、設定・脆弱性の是正はカタログとガードレールで継続的に実施する。",2026-02-18,published,initial USA IT02,https://csrc.nist.gov/publications/detail/sp/800-207/final,internet-zt,United States of America,Internet-ZT,1,Local/Regional Network Model
USA,IT03,"Sec-ZT-Policy
CISA/NIST に基づく政府横断のZT戦略。ID・デバイス・ネットワーク・アプリ・データの各柱で継続検証と最小権限を実装し、SIEM/SOAR で相関・自動化を推進。FedRAMP と連携しクラウドでも一貫統制。ゼロトラスト実装はガバナンス（役割・責任・監査）とポリシー・コード化（IaC/PaC）を伴い、段階的ロードマップで展開する。ID連携・デバイス健全性・ネットワーク・アプリ・データ各柱の測定指標を定義し、成熟度を四半期ベースで可視化する。供給網リスク（SaaS/オープンソース/第三者委託）は契約・検証・監査証跡で管理し、SOCで相関・自動化を進める。クラウド採用時はランディングゾーンと鍵管理・秘匿化標準を適用し、オンプレとの接続は最小境界とする。",2026-02-18,published,initial USA IT03,https://www.cisa.gov/sites/default/files/2023-04/zero_trust_maturity_model_v2_508.pdf,policy;zt,United States of America,Sec-ZT-Policy,1,Security / Zero-Trust Policy
USA,IT04,"Risk-Zoning-ZT
NIST SPやCISAのZT成熟度モデルを参照し、用途別分離・MFA・端末衛生・マイクロセグメントを実装。ログの集中分析と自動化対応で復旧性を高め、クラウドではFedRAMP準拠の統制を活用。自治体の規模差を踏まえ、テンプレートと共有サービスで運用負荷を下げる。データ分類と業務影響分析に基づきゾーンを定義し、境界は無害化・プロキシ・相互TLS・強制記録で多層化する。ID連携は属性・同意・最小権限を基本とし、端末はEDRと姿勢評価で継続検証する。バックアップとDRはゾーン横断の演習で検証し、レポーティングと監査証跡で再現性を確保する。可視化は共通ダッシュボードに統合し、運用手順と権限は職務分掌に沿って最小化する。",2026-02-18,published,initial USA IT04,https://www.cisa.gov/sites/default/files/2023-04/zero_trust_maturity_model_v2_508.pdf,partial;zt,United States of America,Risk-Zoning-ZT,1,Risk Zoning / Segmentation
USA,IT05,"Multiple
政府共通クラウドは単一化せず、FedRAMPにより複数CSPのセキュリティ審査・認可を標準化。ワークロードは契約・認可境界で統制し、識別・鍵・ログ・監査の共通枠で運用する。連邦・州・自治体等の複数クラウドを契約・認可・監査で連結し、最低統制（ID・鍵・ログ・脆弱性）を共通化する。相互接続はゲートウェイとトラスト境界でリスクを制御し、データ移送は暗号化・鍵分離・最小権限を徹底する。ポリシーはカタログ化し、標準テンプレートと自動化で配置・運用のばらつきを抑える。可視化は集中ダッシュボードに統合し、重要監査指標を定常モニタリングする。",2026-02-18,published,initial USA IT05,https://csrc.nist.gov/publications/detail/sp/800-207/final,multiple,United States of America,Multiple,1,Government Cloud (Central)
USA,IT06,"Procurement
自治体は州・郡・市の調達／枠組に基づきクラウドを採用。共通のガードレール（ID、監査、ログ、バックアップ）に沿って設計し、SaaSの採用はデータ保護条項・越境移転・第三者監査を契約で担保する。共通のガードレール（ID・監査・ログ・バックアップ・DR）に沿って設計・導入し、契約でデータ保護条項と第三者監査を担保する。SaaS利用は属性・同意・監査の前提で連携し、PII／センシティブ情報は暗号化・鍵分離で保護する。ネットワークは最小境界を維持し、必要に応じてVDI／無害化・強制プロキシで分離を補強する。費用対効果と成熟度を定期評価し、改善結果を標準テンプレートへ反映する。",2026-02-18,published,initial USA IT06,https://csrc.nist.gov/publications/detail/sp/800-207/final,procurement,United States of America,Procurement,1,Government Cloud (Local)
