event_id,country_id,event_date,event_type,severity,title,description,source_url
AUS-E06,AUS,2013/5/1,制度開始,High,myGov portal launched,myGov was launched in May 2013 as a single entry portal for multiple federal services.,https://www.anao.gov.au/work/performance-audit/mygov-digital-services
AUS-E08,AUS,2016/1/1,発表,Medium,TDIF concept and accreditation framework established,Trusted Digital Identity Framework (TDIF) introduced as voluntary accreditation framework for digital identity providers.,https://architecture.digital.gov.au/standard/trusted-digital-identity-framework-tdif
AUS-E07,AUS,2017/7/19,制度開始,Medium,Australia Post Digital iD soft launch (available for download),Australia Post released Digital iD via a soft launch and made it available for download (initial early adopter release).,https://www.themandarin.com.au/80833-australia-post-digital-id-launched/
AUS-E09,AUS,2019/7/1,制度開始,Medium,NSW Digital Driver Licence trial expands,NSW expanded pilots and prepared rollout of the Digital Driver Licence prior to official launch.,https://en.wikipedia.org/wiki/Digital_driver%27s_licence
AUS-E01,AUS,2019/10/3,制度開始,High,myGovID app released,myGovID (now myID) Digital ID app initial release on 3 October 2019,https://en.wikipedia.org/wiki/MyID_(Australia)
AUS-E02,AUS,2019/11/3,制度開始,Medium,NSW Digital Driver Licence launched,NSW officially launched digital driver’s licence in early Nov 2019,https://www.abc.net.au/news/2019-11-04/nsw-digital-driver-licence-explained/11667696
AUS-E10,AUS,2020/1/1,発表,Medium,TDIF referenced as published framework (Jan 2020),TDIF described as a set of rules and standards for safe use of online government services.,https://www.counterfraud.gov.au/library/trusted-digital-identity-framework
AUS-E03,AUS,2024/5/30,法制定,High,Digital ID Act 2024 received Royal Assent,Digital ID Bill became Act No.25 (2024) with Royal Assent on 30 May 2024,https://www.aph.gov.au/Parliamentary_Business/Bills_Legislation/Bills_Search_Results/Result?bId=s1404
AUS-E05,AUS,2024/11/13,発表,Low,myGovID renamed myID,Australian Government Digital ID app myGovID renamed to myID from mid-Nov 2024,https://www.ato.gov.au/media-centre/mygovid-is-now-called-myid
AUS-E04,AUS,2024/11/30,施行,High,Digital ID legislation changes commence,Digital ID legislation changes from 30 Nov 2024 enabling expansion to states/territories and accreditation,https://www.digitalidsystem.gov.au/news/digital-id-legislation-whats-changing-from-30-november-2024
CAN-E03,CAN,2005/1/1,制度開始,Medium,Québec clicSÉQUR released online,Québec government authentication service clicSÉQUR was released online in 2005 for citizen access to services.,https://www.info.clicsequr.gouv.qc.ca/en/citoyens/what-is-clicsequr/
CAN-E04,CAN,2012/4/1,制度開始,High,SecureKey Concierge in full operation,SecureKey Concierge credential broker service implemented in spring 2012 as part of Cyber Authentication Renewal.,https://www.canada.ca/en/shared-services/corporate/about-us/transparency/access-information-privacy/publications/securekey-concierge-credential-broker-service.html
CAN-E01,CAN,2012/9/1,制度開始,Medium,GCKey became operational,GCKey authentication service became operational starting in September 2012,https://www.newswire.ca/news-releases/2keys-security-solutions-completes-deployment-of-gckey-for-the-government-of-canada-511991111.html
CAN-E02,CAN,2012/9/1,制度開始,Medium,Sign-In Partner introduced (bank-based sign-in),Canada introduced Sign-In Partner as an alternative to GCKey for government sign-in via participating banks,https://ircc-services.canada.ca/2/gckey-page
CAN-E05,CAN,2012/11/6,発表,Medium,SecureKey Concierge launch announced,SecureKey announced launch of SecureKey Concierge for Government of Canada with initial bank sign-in partners.,https://www.canada.ca/en/shared-services/corporate/about-us/transparency/access-information-privacy/publications/securekey-concierge-credential-broker-service.html
CAN-E06,CAN,2013/1/1,制度開始,Medium,BC Services Card replaced CareCard,BC Services Card replaced the CareCard in 2013 as provincial ID for services.,https://news.gov.bc.ca/releases/2016MTICS0013-001003
CAN-E07,CAN,2014/3/6,発表,Low,SecureKey Concierge passes 1M credential milestone,SecureKey Concierge surpassed one million credentials and processed more than one million transactions per month.,https://www.businesswire.com/news/home/20140306005186/en/SecureKey-Concierge-Service-Surpasses-One-Million-Credential-Milestone
CAN-E08,CAN,2015/7/1,制度開始,Medium,MyAlberta Digital ID program implemented,Government of Alberta implemented MyAlberta Digital ID program in July 2015 as a mechanism for digital identity credentials.,https://www.alberta.ca/system/files/custom_downloaded_images/sa-amvir-registrars-notification-01-2020.pdf
CAN-E09,CAN,2017/1/1,拡張,Medium,MyAlberta Verify identity proofing introduced,Alberta introduced verified account identity proofing by cross-referencing Motor Vehicle System data.,https://www.oag.ab.ca/improvements-needed-to-strengthen-management-of-alberta-ca-accounts/
CAN-E10,CAN,2019/5/1,制度開始,High,Verified.Me digital identity network goes live,Verified.Me became available for consumers of major Canadian banks as a digital identity and attribute-sharing network.,https://www.newswire.ca/news-releases/securekey-and-initial-network-participants-accomplish-key-milestone-in-bringing-digital-identity-network-to-market-849982735.html
CAN-E11,CAN,2019/7/1,パイロット,Medium,First federal digital ID pilot with Alberta launched,Treasury Board Secretariat noted the first federal digital ID pilot launched in summer 2019 in Alberta (MyAlberta Digital ID).,https://canada-ca.github.io/PCTF-CCP/docs/2020-08-08%20Digital-ID-General-with-CIOSC-Standard-Draft%20%28EN%29.pdf
CAN-E12,CAN,2020/2/1,パイロット,Medium,BC Services Card used to access CRA My Account,Second federal digital ID project launched Feb 2020 enabling BC Services Card to access CRA My Account.,https://canada-ca.github.io/PCTF-CCP/docs/2020-08-08%20Digital-ID-General-with-CIOSC-Standard-Draft%20%28EN%29.pdf
CAN-E13,CAN,2020/8/8,発表,Medium,Pan-Canadian Trust Framework draft updated with national standard,"TBS digital ID background doc revised to add national standard on Aug 8, 2020 and referenced pan-Canadian approach.",https://canada-ca.github.io/PCTF-CCP/docs/2020-08-08%20Digital-ID-General-with-CIOSC-Standard-Draft%20%28EN%29.pdf
CAN-E14,CAN,2021/9/8,発表,Medium,Ontario publishes Digital ID technology and standards,Ontario publicly launched technology and standards for its digital identity ecosystem on 8 Sep 2021.,https://news.ontario.ca/en/release/1000787/ontario-releases-technology-and-standards-for-digital-identity
CAN-E15,CAN,2021/10/1,発表,High,Interac announces acquisition of SecureKey digital ID services,Interac announced transaction to acquire exclusive rights to SecureKey digital ID services in Canada (incl. Verified.Me).,https://www.interac.ca/en/content/news/interac-acquires-securekey-digital-id-services-for-canada-five-things-you-need-to-know/
DEU-E01,DEU,2010/11/1,制度開始,High,German national ID card introduced (new format),German National Identity Card introduced on 1 Nov 2010 with chip and eID capability,https://www.personalausweisportal.de/Webs/PA/EN/citizens/german-id-card/german-id-card-node.html
DEU-E05,DEU,2014/11/1,制度開始,Medium,AusweisApp2 released,Federal government provided new eID client software AusweisApp2 from 1 Nov 2014 with a trial phase.,https://www.pressebox.de/pressemitteilung/governikus-gmbh-co-kg-bremen/Neue-AusweisApp2-des-Bundes-ab-1-11-2014/boxid/710825
DEU-E06,DEU,2017/7/3,発表,Low,AusweisApp2 source code released under EUPL,"AusweisApp2 source code released as open source under EUPL, available on GitHub since 3 July 2017.",https://interoperable-europe.ec.europa.eu/collection/eupl/news/german-e-id-software-released
DEU-E02,DEU,2017/8/18,施行,High,Online Access Act (OZG) entered into force,"Online Access Act entered into force on 18 Aug 2017, obligating digital access via portal network",https://www.it-planungsrat.de/en/federal-cooperation/implementing-the-online-access-act
DEU-E03,DEU,2019/1/1,制度開始,Medium,BundID provided (year of initial availability),BMI provided BundID in 2019 as a central user account for digital government services (year-level date used).,https://www.digitale-verwaltung.de/Webs/CIO/DE/digitale-loesungen/digitale-verwaltung/bundid/bundid-node.html
DEU-E07,DEU,2019/11/1,施行,Medium,eID-Karte-Gesetz entered into force,Act on eID card for EU/EEA citizens (eIDKG) entered into force on 1 Nov 2019.,https://personalausweisportal.de/Webs/PA/EN/citizens/id-card-for-eu-and-eea/eID-card-for-eu-and-eea-node.html
DEU-E08,DEU,2021/1/1,制度開始,High,eID card for EU/EEA citizens introduced,Germany introduced eID card for EU/EEA citizens on 1 Jan 2021 to enable online identification.,https://personalausweisportal.de/Webs/PA/EN/citizens/id-card-for-eu-and-eea/eID-card-for-eu-and-eea-node.html
DEU-E04,DEU,2021/8/2,拡張,Medium,Fingerprints required on new ID cards,Two fingerprints are stored on identity cards issued from 2 Aug 2021,https://www.personalausweisportal.de/Webs/PA/EN/citizens/german-id-card/german-id-card-node.html
DEU-E09,DEU,2021/11/1,拡張,Medium,eID card issuance abroad enabled,German missions abroad designated by Federal Foreign Office can issue eID cards abroad since 1 Nov 2021.,https://personalausweisportal.de/Webs/PA/EN/citizens/id-card-for-eu-and-eea/eID-card-for-eu-and-eea-node.html
DEU-E10,DEU,2023/11/6,発表,Low,AusweisApp2 renamed to AusweisApp,Federal eID client removed “2” from name and refreshed design from 6 Nov 2023.,https://www.ausweisapp.bund.de/en/news/translate-to-english-ausweisapp-neuer-name-neuer-look
DNK-E06,DNK,2008/1/1,制度開始,Medium,NemLog-in established,NemLog-in was originally established in 2008 as common login for public self-service solutions.,https://www.electronic-supply.dk/procurement/view/22634/nemlogin3
DNK-E01,DNK,2010/7/1,制度開始,High,NemID launched,NemID was launched on 1 July 2010 for citizens and businesses,https://digst.dk/it-loesninger/mitid/forgaengeren-til-mitid/
DNK-E07,DNK,2013/11/1,施行,High,Digital Post mandatory for businesses,Digital Post became obligatory for businesses on 1 Nov 2013 under Danish digital post legislation.,https://en.digst.dk/systems/digital-post/current-legislation-about-digital-post
DNK-E08,DNK,2014/11/1,施行,High,Digital Post mandatory for residents,"Digital Post became obligatory for residents on 1 Nov 2014, shifting communications to digital mailbox.",https://en.digst.dk/systems/digital-post/current-legislation-about-digital-post
DNK-E09,DNK,2018/5/28,拡張,Medium,NemID key app enables mobile login across public/private,NemID nøgleapp enabled mobile approvals and could be used where NemID keycard was used.,https://regeringen.dk/nyheder/2018/nemid-paa-mobilen/
DNK-E10,DNK,2018/5/28,制度開始,Medium,NemID nøgleapp released,Digitaliseringsstyrelsen and Finans Danmark launched NemID key app in spring 2018 (end of May).,https://regeringen.dk/nyheder/2018/nemid-paa-mobilen/
DNK-E02,DNK,2021/4/27,法制定,High,MitID and NemLog-in law adopted,Danish parliament adopted the MitID and NemLog-in law on 27 April 2021,https://digst.dk/it-loesninger/mitid/lovgivning/
DNK-E03,DNK,2021/5/6,施行,High,MitID legal provisions entered into force,Provisions on MitID entered into force on 6 May 2021,https://digst.dk/it-loesninger/mitid/lovgivning/
DNK-E04,DNK,2021/10/1,制度開始,High,MitID launched,MitID launched in October 2021 replacing NemID for public and private services,https://finansdanmark.dk/en/current-topics/digital-society/payments/mitid/
DNK-E05,DNK,2023/10/31,終了,Medium,NemID shut down,NemID closed on 31 October 2023 after transition to MitID,https://digst.dk/it-loesninger/mitid/forgaengeren-til-mitid/
EST-E04,EST,2000/12/15,施行,High,Digital Signatures Act entered into force,Digital Signatures Act (passed 8 Mar 2000) entered into force on 15 Dec 2000,https://www.riigiteataja.ee/en/eli/530102013080/consolide
EST-E01,EST,2001/1/1,制度開始,High,X-Road launched,Secure data exchange layer began nationwide use,https://e-estonia.com/solutions/interoperability-services/x-road/
EST-E05,EST,2002/1/1,制度開始,High,First ID cards issued,"Estonian eID card first issued in 2002, forming a foundation for e-services",https://e-estonia.com/a-digital-success-story-the-cornerstone-of-e-estonia-celebrates-its-jubilee/
EST-E06,EST,2002/1/1,制度開始,Medium,First digital signature given,First legally valid digital signature was given in Estonia in 2002,https://e-estonia.com/a-digital-success-story-the-cornerstone-of-e-estonia-celebrates-its-jubilee/
EST-E02,EST,2002/1/28,制度開始,High,National ID-card introduced,ID-card enabled authentication and digital signatures,https://e-estonia.com/solutions/estonian-e-identity/id-card/
EST-E09,EST,2005/10/16,パイロット,High,Internet voting first used in binding election,Estonia first used legally binding internet voting in municipal elections on 16 Oct 2005.,https://www.coe.int/t/dgap/goodgovernance/Activities/E-voting/EVoting_Documentation/PDF-FinalReportCOE_EvotingEstonia2005.pdf
EST-E07,EST,2007/6/13,制度開始,High,Mobile-ID service launched,"Mobile-ID service launched by EMT, enabling eID authentication and signing via phone SIM",https://egov.eletsonline.com/2007/06/mobile-id-service-launched-in-estonia/
EST-E03,EST,2014/12/1,制度開始,Medium,e-Residency launched,e-Residency program started,https://e-estonia.com/solutions/estonian-e-identity/id-card/
EST-E08,EST,2017/2/1,制度開始,Medium,Smart-ID introduced,SK ID Solutions introduced Smart-ID to Baltic users in February 2017,https://www.skidsolutions.eu/news/smart-id-crossed-the-threshold-of-one-million-users/
EST-E10,EST,2017/8/30,事故,High,ROCA vulnerability disclosed for ID cards,Estonia notified of ROCA chip vulnerability affecting ID cards issued since 2014.,https://ria.ee/en/media/742/download
FRA-E03,FRA,2016/6/29,制度開始,High,FranceConnect launched,FranceConnect identity federation was inaugurated on 29 June 2016 to simplify access to online public services,https://www.maire-info.com/technologie-de-l-information/lancement-de-france-connect-systeme-d-identification-simplifie-aux-sitesde-l-administration-article-19764
FRA-E02,FRA,2019/4/19,法改正,High,Decret cadre NIR,Framework decree governing NIR usage,https://www.legifrance.gouv.fr/loda/id/JORFTEXT000038396526
FRA-E04,FRA,2021/3/15,制度開始,High,New national ID card format begins circulation,New credit-card-sized identity card began coming into circulation on 15 March 2021,https://passeport.ants.gouv.fr/home/all-about-identity-documents/the-national-identity-card-gets-a-new-look
FRA-E06,FRA,2021/6/7,制度開始,Medium,Identité Numérique La Poste launched,La Poste began offering Identité Numérique service since 7 June 2021 for secure login and identity.,https://www.lapostegroupe.com/fr/actualite/lidentite-numerique-de-la-poste--une-solution-en-expansion
FRA-E05,FRA,2021/8/2,制度開始,High,CNIe issued nationwide,"From 2 August 2021, applicants receive the new-format electronic ID card across France",https://passeport.ants.gouv.fr/home/all-about-identity-documents/the-national-identity-card-gets-a-new-look
FRA-E07,FRA,2021/9/1,制度開始,High,FranceConnect+ introduced,French government set up FranceConnect+ in 2021 for sensitive procedures requiring stronger authentication.,https://www.numerique.gouv.fr/sinformer/espace-presse/franceconnect-1-million-dusagers-accedant-a-des-demarches-en-ligne-sensibles-de-maniere-simple-et-securisee/
FRA-E08,FRA,2022/3/1,拡張,Medium,FranceConnect reaches 30M+ users,"FranceConnect exceeded 30 million users five years after launch, accelerating adoption.",https://labo.societenumerique.gouv.fr/en/articles/franceconnect-counts-30-million-users/
FRA-E09,FRA,2023/7/6,拡張,Low,FranceConnect+ reaches 1 million users,FranceConnect+ reached one million users for sensitive online procedures.,https://www.numerique.gouv.fr/sinformer/espace-presse/franceconnect-1-million-dusagers-accedant-a-des-demarches-en-ligne-sensibles-de-maniere-simple-et-securisee/
FRA-E01,FRA,2024/2/13,制度開始,High,France Identit? generalized,France Identit? opened to all and introduced digital driving license,https://www.interieur.gouv.fr/actualites/communiques-de-presse/generalisation-de-lapplication-france-identite-et-lancement-du
FRA-E10,FRA,2024/7/12,拡張,Medium,FranceConnect+ integrates France Identité,"FranceConnect+ integrated France Identité as a certified identity provider, expanding options beyond La Poste.",https://www.interieur.gouv.fr/actualites/communiques-de-presse/franceconnect-integre-france-identite-pour-offrir-plus-de-choix-et
GBR-E05,GBR,2014/2/11,パイロット,Medium,Identity Assurance beta with HMRC,GDS moved Identity Assurance project into beta with HMRC users in February 2014.,https://gds.blog.gov.uk/story-2014/
GBR-E06,GBR,2014/10/1,パイロット,Medium,Verify public trials began,NAO reported public trials of Verify began in October 2014 with a small number of services.,https://www.nao.org.uk/wp-content/uploads/2019/03/Investigation-into-verify-Summary.pdf
GBR-E01,GBR,2016/5/24,制度開始,High,GOV.UK Verify went live,GOV.UK Verify identity assurance system went live on 24 May 2016,https://en.wikipedia.org/wiki/GOV.UK_Verify
GBR-E07,GBR,2019/3/5,発表,Medium,NAO investigation into Verify published,National Audit Office published investigation noting Verify performance issues and funding plans.,https://www.nao.org.uk/wp-content/uploads/2019/03/Investigation-into-verify-Summary.pdf
GBR-E02,GBR,2022/6/13,発表,Medium,Digital Identity and Attributes Trust Framework (beta) published,Government published beta version of UK digital identity and attributes trust framework on 13 June 2022,https://www.gov.uk/government/publications/uk-digital-identity-and-attributes-trust-framework-beta-version
GBR-E03,GBR,2023/3/30,制度終了,High,Final government service stopped using GOV.UK Verify,"As planned, GOV.UK Verify closed; the final government service stopped using the platform on 30 March 2023.",https://questions-statements.parliament.uk/written-statements/detail/2023-05-02/hlws742
GBR-E08,GBR,2023/7/6,制度開始,High,GOV.UK One Login scaled to 1.5M verified users,UK press release noted GOV.UK One Login had over 1.5 million users who proved identity to access services.,https://www.gov.uk/government/news/15-million-people-already-benefiting-from-reform-of-government-services-online
GBR-E09,GBR,2024/10/1,拡張,Medium,GOV.UK One Login reaches 50 services (Oct 2024),GDS reported 50 services using GOV.UK One Login as of October 2024.,https://gds.blog.gov.uk/2024/11/12/gov-uk-one-login-celebrating-50-services/
GBR-E04,GBR,2024/11/12,発表,Low,GOV.UK One Login reaches 50 services,GDS reported that 50 services were using GOV.UK One Login as of Oct 2024,https://gds.blog.gov.uk/2024/11/12/gov-uk-one-login-celebrating-50-services/
GBR-E10,GBR,2024/11/12,発表,Low,GDS blog announces One Login milestone,Government Digital Service published blog post celebrating 50 services milestone.,https://gds.blog.gov.uk/2024/11/12/gov-uk-one-login-celebrating-50-services/
GBR-E11,GBR,2025/10/1,制度開始,Medium,Digital Veteran Card launched in GOV.UK One Login app (wallet credential),GDS launched the digital HM Armed Forces Veteran Card as a credential in the GOV.UK One Login app (GOV.UK Wallet roadmap milestone).,https://roadmap-for-modern-digital-government.campaign.gov.uk/join-up-services/govuk-wallet/
GBR-E12,GBR,2025/12/1,実証,Medium,Digital driving licence tested (limited trial) in GOV.UK One Login app,GDS began testing digital driving licences through a limited/private trial with DVLA colleagues (wallet development milestone).,https://gds.blog.gov.uk/2026/01/21/making-the-governments-first-digital-wallet-a-reality/
IND-E04,IND,2009/1/28,制度開始,High,UIDAI created as attached office,UIDAI functioned as attached office of Planning Commission via Gazette notification dated 28 Jan 2009.,https://uidai.gov.in/en/about-uidai/unique-identification-authority-of-india.html
IND-E01,IND,2010/9/29,制度開始,High,First Aadhaar number issued (national launch),First Aadhaar number issued on 29 Sep 2010 at national launch of Aadhaar project,https://www.uidai.gov.in/images/pressrelease/pressnotefinal.doc
IND-E05,IND,2013/8/19,制度開始,High,Aadhaar e-KYC service announced,Press Information Bureau described UIDAI e-KYC service enabling paperless KYC for financial and other services.,https://pib.gov.in/newsite/PrintRelease.aspx?relid=98368
IND-E02,IND,2015/2/10,パイロット,Medium,DigiLocker beta rolled out,Beta version of Digital Locker System released on 10 Feb 2015 under Digital India.,https://www.mygov.in/group-issue/beta-release-digital-locker-system
IND-E03,IND,2015/7/1,制度開始,High,DigiLocker launched,DigiLocker launched on 1 July 2015 under the Digital India programme.,https://negd.gov.in/blog/digilocker-the-digital-briefcase-for-indias-authentic-e-documents/
IND-E06,IND,2015/7/1,制度開始,High,eSign online electronic signature service started,Controller of Certifying Authorities noted eSign online electronic service started in July 2015.,https://nild.nic.in/organization/controller-of-certifying-authorities-cca/
IND-E07,IND,2016/3/25,法制定,High,Aadhaar Act enacted,"Aadhaar (Targeted Delivery...) Act, 2016 enacted on 25 March 2016.",https://uidai.gov.in/images/Aadhaar_Act_2016_as_amended.pdf
IND-E08,IND,2016/9/12,施行,Medium,Aadhaar (Authentication) Regulations notified,"Aadhaar (Authentication) Regulations, 2016 came into force on publication in Official Gazette.",https://aadhaar.jharkhand.gov.in/resources/Aadhaar_Authentication_Regulation2016.pdf
IND-E09,IND,2016/9/12,施行,Medium,Aadhaar (Data Security) Regulations notified,"Aadhaar Data Security Regulations, 2016 published in Gazette and came into force upon publication.",https://uidai.gov.in/images/The_Aadhaar_Data_Security_Regulations_2016.pdf
IND-E10,IND,2018/1/10,拡張,High,Virtual ID and Limited KYC introduced,"UIDAI circular introduced Virtual ID, UID token and limited KYC to enhance privacy.",https://www.uidai.gov.in/images/46Circular_for_Implementation_of_Virtual_ID_UID_Token_and_Limited_KYC_0001_compressed.pdf
IND-E11,IND,2018/6/1,施行,Medium,Virtual ID acceptance mandated for agencies,UIDAI circular indicated agencies must migrate to accept Virtual ID and limited KYC by June 2018.,https://www.uidai.gov.in/images/46Circular_for_Implementation_of_Virtual_ID_UID_Token_and_Limited_KYC_0001_compressed.pdf
IND-E12,IND,2018/9/26,発表,High,Supreme Court Aadhaar judgment delivered,Supreme Court delivered judgment on Aadhaar constitutionality on 26 Sep 2018.,https://uidai.gov.in/images/news/Judgement_26-Sep-2018.pdf
IND-E13,IND,2023/8/11,法制定,High,Digital Personal Data Protection Act assented,"DPDP Act, 2023 received presidential assent on 11 Aug 2023.",https://www.indiacode.nic.in/bitstream/123456789/22037/1/a2023-22.pdf
IND-E14,IND,2025/1/3,発表,Medium,Draft DPDP Rules 2025 published for consultation,"MeitY invited comments on draft Digital Personal Data Protection Rules, 2025 from 3 Jan 2025.",https://innovateindia.mygov.in/dpdp-rules-2025/
IND-E15,IND,2025/11/13,施行,Medium,DPDP Act provisions commence (phase 1),Certain provisions of DPDP Act commenced on 13 Nov 2025 per commencement notifications.,"https://en.wikipedia.org/wiki/Digital_Personal_Data_Protection_Act,_2023"
JPN-E01,JPN,2002/8/5,制度開始,High,住基ネット（住民基本台帳ネットワーク）の一次稼働開始,2002年8月5日、住民票コードの通知開始等を含む住基ネットの一次稼働が開始。,https://www.soumu.go.jp/main_sosiki/jichi_gyousei/c-gyousei/daityo/old/juki_yotei.html
JPN-E11,JPN,2008/3/6,発表,High,住基ネット最高裁判決（合憲判断）,2008年3月6日、住基ネットによる本人確認情報の管理・利用等が憲法13条の保障するプライバシー権を侵害しない旨の最高裁判断が示された。,https://www.soumu.go.jp/main_sosiki/jichi_gyousei/c-gyousei/daityo/05_judgment.html
JPN-E05,JPN,2013/5/31,法制定,High,マイナンバー法（番号法）の公布,「行政手続における特定の個人を識別するための番号の利用等に関する法律（平成25年法律第27号）」が公布。,https://elaws.jp/view/425AC0000000027
JPN-E06,JPN,2015/10/5,制度開始,High,マイナンバーの付番・通知開始,2015年10月5日時点で住民票に記載されている住民にマイナンバーが指定され、市区町村から通知カードで郵送通知が開始。,https://www.digital.go.jp/policies/mynumber_faq_02
JPN-E02,JPN,2016/1/1,制度開始,High,マイナンバー制度の導入（利用開始）,2016年1月1日からマイナンバー制度が導入され、税・社会保障等の手続で利用が開始。,https://www.nta.go.jp/taxes/tetsuzuki/mynumberinfo/gaiyo.htm
JPN-E07,JPN,2017/11/1,制度開始,Medium,マイナポータルの提供開始（本格運用）,マイナンバー制度に連動する個人向けポータルサイト「マイナポータル」が2017年11月から提供開始（情報連携の本格運用等と併せて開始）。,https://www.soumu.go.jp/menu_news/s-news/01kanbo07_02000001.html
JPN-E08,JPN,2020/5/25,終了,Medium,通知カードの廃止,マイナンバーを通知する「通知カード」は2020年5月25日に廃止され、新規発行・再交付・記載事項変更ができなくなった。,https://www.soumu.go.jp/main_content/000687760.pdf
JPN-E10,JPN,2021/3/1,制度開始,High,マイナンバーカードの健康保険証利用（マイナ保険証）,マイナンバーカードを健康保険証として利用する仕組み（マイナ保険証）。利用可能な医療機関・薬局は対応状況により異なる。,https://www.mhlw.go.jp/stf/newpage_08277.html
JPN-E09,JPN,2021/10/1,拡張,Medium,マイナポータルで薬剤情報・特定健診情報等の閲覧機能を追加,マイナポータルで薬剤情報、特定健診情報、後期高齢者健診情報等を確認・取得できる機能が追加（令和3年10月リリース）。,https://www.digital.go.jp/assets/contents/node/basic_page/field_ref_resources/494e7749-cb53-4bdd-aeeb-49c26d5edbf5/20211126_myna_portal_02.pdf
JPN-E03,JPN,2025/3/24,施行,High,マイナ免許証の運用開始,マイナンバーカードのICチップに運転免許情報を記録し、マイナンバーカードを運転免許証として利用できる「マイナ免許証」の運用が開始。,https://www.digital.go.jp/policies/mynumber/drivers-license
JPN-E04,JPN,2026/1/23,制度開始,Medium,スマートフォンのマイナンバーカード（機能の拡充）,マイナンバーカードの機能をスマートフォン（iPhone、Android端末）に追加して利用できる「スマートフォンのマイナンバーカード」を案内（使える場所やサービスは順次拡大）。,https://www.digital.go.jp/policies/mynumber/smartphone-certification
KOR-E03,KOR,2020/6/24,制度開始,Medium,Mobile driver license verification,PASS app enabled driver license verification via smartphone,https://www.korea.net/NewsFocus/Sci-Tech/view?articleId=186990
KOR-E04,KOR,2020/6/24,制度開始,Medium,Mobile driver’s license verification via PASS,Korean National Police Agency and carriers launched PASS verification for driver’s license (smartphone ID),https://www.korea.net/NewsFocus/Sci-Tech/view?articleId=186990
KOR-E07,KOR,2022/1/27,パイロット,Medium,Mobile driver’s license pilot launched,"MOIS and National Police launched six-month pilot issuance of mobile driver’s licenses on Jan 27, 2022.",https://www.korea.net/NewsFocus/policies/view?articleId=210038
KOR-E02,KOR,2022/2/17,制度開始,High,EU adequacy decision for Republic of Korea,EU implementing decision recognising adequacy of PIPA for transfers from EU,https://eur-lex.europa.eu/eli/dec_impl/2022/254/oj/eng
KOR-E08,KOR,2022/7/28,制度開始,High,Mobile driver’s license nationwide rollout,"Mobile driver’s licenses introduced nationwide starting July 28, 2022 following pilot.",https://www.loc.gov/item/global-legal-monitor/2024-08-29/south-korea-road-traffic-act-amended-to-address-mobile-drivers-licenses
KOR-E09,KOR,2024/1/30,法改正,Medium,Road Traffic Act amended for mobile driver’s licenses,Road Traffic Act amended (Act No.20155) to provide legal basis for mobile driver’s licenses.,https://www.loc.gov/item/global-legal-monitor/2024-08-29/south-korea-road-traffic-act-amended-to-address-mobile-drivers-licenses
KOR-E10,KOR,2024/10/25,施行,Medium,Mobile driver’s license legal basis becomes effective,"Amendment providing legal basis for mobile driver’s licenses effective Oct 25, 2024.",https://www.loc.gov/item/global-legal-monitor/2024-08-29/south-korea-road-traffic-act-amended-to-address-mobile-drivers-licenses
KOR-E05,KOR,2024/12/27,パイロット,Medium,Mobile Resident Registration Card pilot begins,"Pilot issuance for mobile resident registration cards began on Dec 27, 2024",https://www.incheon.go.kr/en/EN020401/3000612
KOR-E06,KOR,2025/3/19,発表,Medium,Nationwide Mobile Resident Registration Card announced,"Government announced mobile resident registration card available nationwide with rollout starting Mar 28, 2025",https://www.korea.net/Government/Briefing-Room/Press-Releases/view?articleId=7911&type=O&insttCode=A110409
KOR-E01,KOR,2025/3/28,制度開始,High,Mobile Resident Registration Card nationwide,Mobile resident registration card available nationwide,https://www.mois.go.kr/eng/bbs/type001/commonSelectBoardArticle.do?bbsId=BBSMSTR_000000000019&nttId=116395
NZL-E05,NZL,2013/5/23,発表,Medium,Budget funding boost for iGovt/RealMe announced,Beehive release announced funding boost and noted RealMe would launch soon based on iGovt services.,https://www.beehive.govt.nz/release/budget-2013-145m-boost-online-identity-verification
NZL-E01,NZL,2013/7/2,制度開始,High,RealMe verified rollout begins,DIA announced rollout of RealMe verified accounts starting 2 July 2013,https://www.beehive.govt.nz/release/realme-makes-it-easy-get-services-online
NZL-E02,NZL,2013/7/2,制度開始,Medium,RealMe login and verified identity launched,DIA launched RealMe login and RealMe verified identity in 2013 as digital identity services,https://www.digitalidentity.dia.govt.nz/about
NZL-E06,NZL,2018/8/14,制度開始,Medium,RealMe Now mobile onboarding app launched,DIA launched RealMe Now mobile app enabling remote identity verification via selfie and passport photo match.,https://www.businesswire.com/news/home/20180814005593/en/New-Zealand-Government-Launches-RealMe-App-Daon%E2%80%99s
NZL-E07,NZL,2022/9/20,パイロット,Medium,Identity Check pilot with Hospitality NZ announced,DIA partnered with Hospitality NZ to pilot Identity Check online identity verification service.,https://www.dia.govt.nz/press.nsf/d77da9b523f12931cc256ac5000d19b6/058d4ac6a88ff80ccc2588c30076254a
NZL-E08,NZL,2022/11/22,発表,Low,Nationwide Identity Check pilot reported,Media reported nationwide pilot testing of Identity Check service.,https://www.rnz.co.nz/news/national/479227/identity-check-online-system-pilot-launched-despite-gaps-over-privacy-rights
NZL-E03,NZL,2023/4/5,法制定,High,Digital Identity Services Trust Framework Act assented,Digital Identity Services Trust Framework Act 2023 received assent on 5 April 2023,https://www.legislation.govt.nz/act/public/2023/0013/latest/whole.html
NZL-E09,NZL,2024/1/1,拡張,Medium,Identity Check reusable component added to gov roadmap,DIA notes Identity Check added to All-of-Government Service Modernisation Roadmap in 2024.,https://www.digitalidentity.dia.govt.nz/services/identity-check
NZL-E04,NZL,2024/7/1,施行,Medium,Trust Framework Act fully in force by July 2024,"Act provides that to extent not earlier, it comes into force on 1 July 2024",https://docref.digital.govt.nz/nz/distf/14/en/
NZL-E10,NZL,2025/1/1,発表,Low,Identity Check roadmap indicates broader rollout,DIA roadmap indicates 2026 broader rollout following pilots.,https://www.digitalidentity.dia.govt.nz/services/identity-check
SGP-E01,SGP,2003/3/1,制度開始,High,SingPass launched,SingPass was launched on 1 March 2003 as common login for government e-services,https://www.imda.gov.sg/-/media/imda/files/inner/archive/news-and-events/news_and_events_level2/20071105103244/singpass5nov07annexa.pdf
SGP-E02,SGP,2014/11/27,拡張,Medium,SingPass security enhancements announced,GovTech described ongoing security enhancements and plans for 2FA for sensitive e-gov transactions,https://www.tech.gov.sg/media/enhancing-singpass-to-better-serve-and-protect-users/
SGP-E03,SGP,2016/5/4,制度開始,High,MyInfo launched,MyInfo pilot ran Jan–Apr 2016 and service launched May 2016 for e-services to auto-fill forms,https://www.imda.gov.sg/-/media/imda/files/inner/about-us/newsroom/speeches/2016/myinfo/factsheet-on-myinfo-4-may-2016.pdf
SGP-E04,SGP,2018/10/1,制度開始,High,SingPass mobile app launched,SingPass Mobile app launched in October 2018 to provide convenient access and authentication,https://isomer-user-content.by.gov.sg/38/fb988964-43cf-4d24-b851-4ad79a5c6a0d/factsheet-singpass-national-digital-identity.pdf
SGP-E05,SGP,2018/10/1,制度開始,High,Singpass app launched,Singpass app introduced in October 2018 as mobile interface for authentication and services.,https://www.mddi.gov.sg/newsroom/refreshed-singpass-reflects-improved-services/
SGP-E06,SGP,2020/5/1,拡張,Medium,Singpass Digital IC feature introduced,Digital IC feature was introduced in Singpass app in May 2020 for in-person ID.,https://www.tech.gov.sg/media/2021-10-28-all-government-agencies-to-accept-singpass-digital-ic-from-1-november-2021/
SGP-E07,SGP,2021/3/7,発表,Low,Singpass refreshed brand and logo updated,GovTech announced refreshed Singpass brand identity and updated logo from 7 March 2021.,https://www.mddi.gov.sg/newsroom/refreshed-singpass-reflects-improved-services/
SGP-E08,SGP,2021/11/1,拡張,High,All government agencies accept Digital IC,All government agencies began accepting Singpass Digital IC for in-person services from 1 Nov 2021.,https://www.tech.gov.sg/media/2021-10-28-all-government-agencies-to-accept-singpass-digital-ic-from-1-november-2021/
SGP-E09,SGP,2022/3/2,発表,Medium,Singpass national digital identity factsheet published,MDDI published factsheet describing Singpass features including Myinfo and Verify.,https://www.mddi.gov.sg/newsroom/singpass-factsheet-02032022/
SGP-E11,SGP,2022/3/7,制度開始,Medium,Singapore Digital Driving Licence launched in Singpass,Singapore Police Force and partners launched the Singapore Digital Driving Licence in the Singpass app on 7 March 2022.,https://www.police.gov.sg/media-hub/news/2022/20220302_launch_of_singapore_digital_driving_licence_on_the_singpass_app
SGP-E10,SGP,2025/11/19,発表,Low,GovTech updates Singpass product page stats,GovTech updated Singpass product page describing scale and transactions (last updated Nov 2025).,https://www.tech.gov.sg/products-and-services/for-citizens/digital-services/singpass/
SWE-E04,SWE,2002/9/1,制度開始,High,Finansiell ID-Teknik established,Finansiell ID-Teknik (BankID operator) established in September 2002.,https://www.bankid.com/en/about-us/history
SWE-E01,SWE,2003/1/1,制度開始,High,First BankID e-ID issued,BankID consortium issued the first BankID e-ID in 2003,https://www.bankid.com/en/about-us/history
SWE-E05,SWE,2004/10/1,拡張,Low,BankID infrastructure expanded to more issuers,BankID infrastructure expanded as additional banks began issuing BankID in 2004.,https://www.bankid.com/en/about-us/history
SWE-E06,SWE,2005/5/1,拡張,Low,"BankID reaches 500,000 users","During 2005 tax declaration period, BankID reached 500,000 users.",https://www.bankid.com/en/about-us/history
SWE-E07,SWE,2006/1/1,拡張,Low,BankID use expands to private companies,"By 2006, more private companies and public bodies used BankID, surpassing 2 million uses per month.",https://www.bankid.com/en/about-us/history
SWE-E08,SWE,2010/4/20,制度開始,High,Mobile BankID launched,BankID launched Mobile BankID electronic identification for mobile phones in April 2010.,https://prwire.com.au/pr/17512/mobile-bankid-electronic-identification-launched-in-mobile-phones
SWE-E02,SWE,2011/1/1,制度開始,Medium,Swedish eIdentification Board established,Swedish eIdentification Board was created in 2011 to coordinate eID infrastructure,https://interoperable-europe.ec.europa.eu/collection/eidentity-and-esignature/document/swedish-eid-swedish-eid
SWE-E09,SWE,2012/12/11,制度開始,High,Swish mobile payments launched,Swish mobile payment service launched by major banks enabling instant payments using Mobile BankID.,https://sebgroup.com/siteassets/cision/documents/2012/20121211-seb-launches-new-mobile-payment-service-swish-en-0-2805022.pdf
SWE-E10,SWE,2012/12/12,拡張,Medium,Swish app available to public,Swish app became available for download from 12 Dec 2012.,https://sebgroup.com/siteassets/cision/documents/2012/20121211-seb-launches-new-mobile-payment-service-swish-en-0-2805022.pdf
SWE-E03,SWE,2017/8/15,制度開始,Medium,Freja eID launched,Verisec launched the new e-ID Freja eID on 15 Aug 2017; students were the first user group.,"https://news.cision.com/se/freja-eid-group/r/freja-eid-lanseras-for-sveriges-studenter,c2325916"
SWE-E11,SWE,2018/8/1,拡張,Medium,Freja eID+ joins national eID market,EU blog noted Freja eID+ joined Swedish eID means in August 2018.,https://ec.europa.eu/digital-building-blocks/sites/spaces/DIGITAL/blog/2021/05/11/533365476/Sweden+France+and+Malta+pre-notifiy+eID+schemes
SWE-E12,SWE,2020/12/1,発表,Medium,Swedish eID scheme pre-notified under eIDAS,Sweden pre-notified its national eID scheme (Svensk e-legitimation) in December 2020.,https://ec.europa.eu/digital-building-blocks/sites/spaces/DIGITAL/blog/2021/05/11/533365476/Sweden+France+and+Malta+pre-notifiy+eID+schemes
SWE-E13,SWE,2021/5/11,発表,Low,EU blog announces Sweden eID pre-notification,European Commission blog published overview of Sweden pre-notification and eID means.,https://ec.europa.eu/digital-building-blocks/sites/spaces/DIGITAL/blog/2021/05/11/533365476/Sweden+France+and+Malta+pre-notifiy+eID+schemes
SWE-E14,SWE,2023/6/15,制度開始,Medium,BankID digital ID card feature ready to activate,BankID announced its digital ID card is ready to activate in the BankID app (requires Swedish passport or national ID card).,http://www.bankid.com/om-oss/nyheter/nu-ar-det-digitala-id-kortet-har
SWE-E15,SWE,2025/1/1,発表,Low,BankID notified for EU cross-border use,BankID published in EU official journal enabling use in EU public e-services.,https://en.mobil.se/news/swedish-e-identification-bankid-aims-for-whole-of-europe/1601179
USA-E01,USA,2005/5/11,法制定,High,REAL ID Act signed into law,"REAL ID Act of 2005 was signed into law on May 11, 2005",https://www.congress.gov/bill/109th-congress/house-bill/418
USA-E02,USA,2017/4/1,制度開始,High,Login.gov launched,Login.gov was deployed in April 2017 as a common sign-in platform for federal websites,https://www.usds.gov/report-to-congress/2017/07/login-dot-gov/
USA-E06,USA,2018/9/1,制度開始,High,Login.gov identity verification launched,Login.gov launched identity verification in Fall 2018 as a key milestone.,https://www.login.gov/about-us/
USA-E07,USA,2022/8/1,拡張,Medium,Login.gov reaches one million proofed accounts,Login.gov reached one million proofed accounts in August 2022.,https://www.login.gov/about-us/
USA-E03,USA,2023/9/29,拡張,Medium,All Cabinet agencies using Login.gov,"GSA announced all Cabinet agencies are using Login.gov as of Sep 29, 2023",https://www.gsa.gov/about-us/newsroom/news-releases/us-general-services-administration-announces-all-cabinet-agencies-are-now-using-logingov-09292023
USA-E08,USA,2024/9/1,拡張,Medium,Login.gov launches NIST IAL2-compliant offering,Login.gov launched a NIST IAL2-compliant offering in September 2024.,https://www.login.gov/about-us/
USA-E04,USA,2024/11/25,拡張,Medium,TSA mDL waiver rule effective,"TSA final rule enabling continued mDL acceptance becomes effective Nov 25, 2024",https://www.tsa.gov/news/press/releases/2024/10/24/tsa-announces-final-rule-enables-continued-acceptance-mobile-drivers
USA-E05,USA,2025/5/7,施行,High,REAL ID enforcement begins,"Full REAL ID enforcement begins May 7, 2025 for federal official purposes including TSA",https://www.tsa.gov/realid/realid-mobile-drivers-license-mdls
USA-E09,USA,2025/8/20,拡張,Medium,Login.gov adds passport-based identity verification,"GSA announced Login.gov allowing identity verification using a US passport on Aug 20, 2025.",https://www.gsa.gov/about-us/newsroom/news-releases/gsas-logingov-launches-passportbased-identity-verification-08202025
USA-E10,USA,2025/8/21,発表,Low,Login.gov program update on passport-based verification,Login.gov partners update announced passport-based identity verification rollout.,https://www.login.gov/partners/program-updates/login-gov-begins-passport-based-identity-verification/
