country_id,indicator_id,value,version,change_note,review_status,tags,source_url
AUS,I01,"None
No administrative population register; official population figures use the census and estimated resident population derived from statistical adjustments.",2026/2/4,Update I01 sources and detail (classification unchanged).,published,none;federalism,"[""https://www.abs.gov.au/census/about-census/australian-census"", ""https://population.gov.au/population-topics/topic-population-measurement""]"
AUS,I02,"No
There is no nationwide resident-registration-based backbone for querying and verifying core attributes. Official population measurement relies on census-based estimates, while administrative records are maintained by purpose-specific systems; an address register may exist for statistical or operational purposes but it does not constitute a resident register network for nationwide verification of personal particulars.",2026/2/4,I02 detail expanded for consistent explanatory depth (definition refined; see README).,published,none;no-register,"[""https://population.gov.au/population-topics/topic-population-measurement"", ""https://www.abs.gov.au/statistics/research/abs-address-register-users-guide""]"
AUS,I03,"None
A tax file number exists for taxation and related reporting, but the framework explicitly rejects using it as a national identification system. In Australia, identity in everyday public and private transactions is not anchored to a single universal personal number; instead, identifiers remain purpose-specific (tax, licensing, program enrolment) and are not institutionally positioned as a cross-sector common key. Accordingly, the national design is best described as a non-common-identifier model rather than a unified personal identifier regime.",2026/2/4,Initial baseline,published,restricted;identity,"[""https://my.gov.au/en/about/help/digital-id""]"
AUS,I04,"Partial
Australian Government Digital ID System enables online verification against official records with user consent (no central database).",2026/2/4,Initial baseline,published,interoperability;consent,"[""https://www.finance.gov.au/government/australias-digital-id-system"", ""https://www.digitalidsystem.gov.au/the-australian-government-digital-id-system-agdis""]"
AUS,I05,"No
No national ID card; government Digital ID relies on existing identity documents (passport, driver licence) as evidence.",2026/2/4,Initial baseline,published,no-id-card,"[""https://my.gov.au/en/about/help/digital-id""]"
AUS,I06,"Nationwide
myID (formerly myGovID) is the Australian Government Digital ID app used to prove identity for online services.",2026/2/4,Initial baseline,published,nationwide;smartphone;digital-id,"[""https://my.gov.au/en/about/help/digital-id""]"
AUS,I07,"Partial
Digital driver licences are state-based (e.g., NSW Digital Driver Licence in Service NSW app).",2026/2/4,Initial baseline,published,partial;drivers-license;state,"[""https://www.service.nsw.gov.au/campaign/nsw-digital-driver-licence""]"
AUS,I08,"Yes
Digital ID (myID) provides authentication and identity proofing for participating government services.",2026/2/4,Initial baseline,published,authentication;digital-id,"[""https://my.gov.au/en/about/help/digital-id"", ""https://www.digitalidsystem.gov.au/the-australian-government-digital-id-system-agdis""]"
AUS,I09,"Procurement
Whole-of-government cloud policy provides a unified framework for cloud adoption across the Australian Public Service.",2026/2/4,Initial baseline,published,procurement;cloud-policy,"[""https://www.digital.gov.au/cloud-policy""]"
AUS,I10,"No
No EU GDPR adequacy decision for Australia (not listed among adequacy jurisdictions).",2026/2/4,Initial baseline,published,privacy;no-adequacy,"[""https://commission.europa.eu/law/law-topic/data-protection/international-dimension-data-protection/adequacy-decisions_en""]"
AUS,I11,"Yes
Key milestones captured in events.csv",2026/2/4,Initial baseline,published,timeline,"[""https://my.gov.au/en/about/help/digital-id"", ""https://www.digitalidsystem.gov.au/the-australian-government-digital-id-system-agdis""]"
CAN,I01,"None
Canada has no administrative population register at either the federal or provincial level; population figures are derived from census counts and statistical integration of administrative sources.",2026/2/4,I01 explanatory detail expanded for consistency (classification unchanged).,published,none;federalism,"[""https://www.canada.ca/en/immigration-refugees-citizenship/services/settle-canada/driving.html""]"
CAN,I02,"No
There is no continuously updated population register, and a resident-registration-based nationwide backbone is not in place. Population statistics rely on periodic censuses and administrative data integration, while identity-related records are maintained within program-specific systems rather than a unified nationwide register reference.",2026/2/4,I02 detail expanded for consistent explanatory depth (definition refined; see README).,published,none;no-register,"[""https://ssc.ca/en/case-study/how-population-dynamics-are-measured-between-censuses-and-projected-future-reference"", ""https://www12.statcan.gc.ca/census-recensement/index-eng.cfm""]"
CAN,I03,"Restricted
A single national identifier exists in the form of the Social Insurance Number (SIN), which is used across key administrative domains such as employment reporting, taxation, and government benefits. However, the SIN is explicitly treated as confidential and purpose-bound, with official guidance emphasising minimised disclosure and discouraging its use as a general identity credential. As a result, while a common personal identifier exists, it is institutionally framed as a restricted and sensitive reference number rather than a universal cross-sector identifier.",2026/2/4,Initial baseline,published,restricted;sin;tax,"[""https://www.canada.ca/en/employment-social-development/services/sin.html"", ""https://www.canada.ca/en/employment-social-development/services/sin/protection.html""]"
CAN,I04,"Partial
Digital government access uses multiple credentials (GCKey, Sign-In Partner) and program-specific enrolment.",2026/2/4,Initial baseline,published,federal;sign-in,"[""https://www.canada.ca/en/employment-social-development/services/my-account.html"", ""https://www.canada.ca/en/immigration-refugees-citizenship/corporate/partners-service-providers/partner-portal.html""]"
CAN,I05,"No
No federal national ID card; commonly used credentials include provincial driver’s licences/ID and passports.",2026/2/4,Initial baseline,published,no-id-card,"[""https://www.canada.ca/en/immigration-refugees-citizenship/services/settle-canada/driving.html""]"
CAN,I06,"Partial
Some provinces offer digital ID login apps (e.g., BC Services Card app) for online access to services.",2026/2/4,Initial baseline,published,smartphone;province,"[""https://www2.gov.bc.ca/gov/content/governments/government-id/bcservicescardapp""]"
CAN,I07,"None
No nationwide mobile driver’s licence (mDL) acceptance; provinces issue physical licences and require carrying a driver’s licence when driving.",2026/2/4,Initial baseline,published,none;drivers-license,"[""https://www.canada.ca/en/immigration-refugees-citizenship/services/settle-canada/driving.html""]"
CAN,I08,"Multiple
Authentication uses GCKey plus Sign-In Partner (bank-based) and some provincial sign-in options.",2026/2/4,Initial baseline,published,authentication;multiple,"[""https://www.canada.ca/en/employment-social-development/services/my-account.html"", ""https://www.canada.ca/en/immigration-refugees-citizenship/corporate/partners-service-providers/partner-portal.html""]"
CAN,I09,"Procurement
Government of Canada cloud adoption is guided by the Cloud Adoption Strategy (cloud smart) and security baselines such as GC Cloud Guardrails; cloud use is managed through policy, assurance and procurement frameworks rather than a single, public, unified 'government cloud' product brand.",2026/2/4,Finalize I09 wording; remove needs-review after evidence update,published,procurement;cloud-policy;guardrails,"[""https://www.canada.ca/en/government/system/digital-government/digital-government-innovations/cloud-services/cloud-adoption-strategy-2023-update.html"", ""https://www.cyber.gc.ca/en/guidance/government-canada-cloud-guardrails-gc-cloud-guardrails"", ""https://publications.gc.ca/collections/collection_2024/spc-ssc/P118-34-2024-eng.pdf""]"
CAN,I10,"Adequacy
EU recognises Canada (commercial organisations) as providing adequate protection for personal data transfers.",2026/2/4,Initial baseline,published,privacy;gdpr;adequacy,"[""https://commission.europa.eu/law/law-topic/data-protection/international-dimension-data-protection/adequacy-decisions_en""]"
CAN,I11,"Yes
Key milestones captured in events.csv",2026/2/4,Initial baseline,published,timeline,"[""https://www.canada.ca/en/employment-social-development/services/my-account.html"", ""https://www.canada.ca/en/immigration-refugees-citizenship/corporate/partners-service-providers/partner-portal.html""]"
DEU,I01,"Local
Population registers are legally maintained by municipal registration authorities under federal law; Germany does not operate a single national population register.",2026/2/4,I01 explanatory detail expanded for consistency (classification unchanged).,published,mandatory;residents;municipal,"[""https://www.bmi.bund.de/EN/topics/administrative-reform/registration/registration-node.html"", ""https://www.gesetze-im-internet.de/englisch_bmg/englisch_bmg.html""]"
DEU,I02,"Partial
A resident registration regime exists, but registers are maintained locally by registration authorities and there is no single national population register. Legal frameworks enable inter-authority information provision, yet the nationwide backbone remains federated and limited compared with a single unified national reference.",2026/2/4,I02 detail expanded for consistent explanatory depth (definition refined; see README).,published,federal;municipal;population-register,"[""https://www.bmi.bund.de/EN/topics/administrative-reform/registration/registration-node.html"", ""https://www.gesetze-im-internet.de/englisch_bmg/englisch_bmg.html""]"
DEU,I03,"None
A nationwide personal tax identification number exists for tax administration, issued and handled through the federal tax authority, but it functions primarily within the taxation domain. The current dataset treats Germany as a separated-identifier (sector-specific) design, where a single universal cross-sector personal identifier is not positioned as the institutional backbone for public and private usage. Under this interpretation, the country aligns with a non-common-identifier model rather than a unified personal identifier regime.",2026/2/4,Initial baseline,published,restricted;tax;identity,"[""https://www.bmi.bund.de/DE/themen/moderne-verwaltung/ausweise-und-paesse/online-ausweisfunktion/online-ausweisfunktion-node.html"", ""https://www.personalausweisportal.de/Webs/PA/EN/home/home-node.html""]"
DEU,I04,"Partial
Digital government services use user accounts (BundID) and standards, but interoperability remains federated across federal/state levels.",2026/2/4,Initial baseline,published,ozg;federal;interoperability,"[""https://www.personalausweisportal.de/Webs/PA/EN/citizens/bund-id/bund_id-node.html""]"
DEU,I05,"Yes
German ID card (Personalausweis) includes a chip enabling online identification (eID).",2026/2/4,Initial baseline,published,nationwide;citizens;eid,"[""https://www.bmi.bund.de/DE/themen/moderne-verwaltung/ausweise-und-paesse/online-ausweisfunktion/online-ausweisfunktion-node.html"", ""https://www.personalausweisportal.de/Webs/PA/EN/home/home-node.html""]"
DEU,I06,"Partial
Smartphone use typically relies on the ID card eID function via an app/reader; not a standalone mobile-ID credential.",2026/2/4,Initial baseline,published,smartphone;eid,"[""https://www.bmi.bund.de/DE/themen/moderne-verwaltung/ausweise-und-paesse/online-ausweisfunktion/online-ausweisfunktion-node.html"", ""https://www.personalausweisportal.de/Webs/PA/EN/home/home-node.html""]"
DEU,I07,"Planned
Germany is preparing for mobile driving licence (mDL) scenarios within EU Digital Identity Wallet pilots; the EU large-scale pilots include an mDL use case. A nationwide ISO/IEC 18013-5 mDL issuance programme is not yet confirmed.",2026/2/4,Update I07 sources to EU pilots,published,planned;eu-wallet;mdl,"[""https://ec.europa.eu/digital-building-blocks/sites/spaces/EUDIGITALIDENTITYWALLET/pages/694487808/What+are+the+Large+Scale+Pilot+Projects"", ""https://www.digital-identity-wallet.eu/wp-content/uploads/2025/10/POTENTIAL-brochure_FINAL.pdf"", ""https://ec.europa.eu/digital-building-blocks/sites/spaces/EUDIGITALIDENTITYWALLET/pages/920064565/LSP-EWC""]"
DEU,I08,"Multiple
Authentication via eID function of the ID card plus BundID user account; also supports EU eID means.",2026/2/4,Initial baseline,published,authentication;eid;bundid,"[""https://www.personalausweisportal.de/Webs/PA/EN/citizens/bund-id/bund_id-node.html"", ""https://www.bmi.bund.de/DE/themen/moderne-verwaltung/ausweise-und-paesse/online-ausweisfunktion/online-ausweisfunktion-node.html"", ""https://www.personalausweisportal.de/Webs/PA/EN/home/home-node.html""]"
DEU,I09,"Shared-Platform
Federal cloud initiatives include Bundescloud and the federated German Government Cloud (DVC).",2026/2/4,Initial baseline,published,government-cloud;bundescloud;dvc,"[""https://www.itzbund.de/DE/itloesungen/egovernment/bundescloud/bundescloud.html"", ""https://www.bmi.bund.de/SharedDocs/pressemitteilungen/EN/2025/03/dvc.html""]"
DEU,I10,"Adequacy
GDPR applies (EU member state).",2026/2/4,Initial baseline,published,gdpr;privacy,"[""https://eur-lex.europa.eu/eli/reg/2016/679/oj""]"
DEU,I11,"Yes
Key milestones captured in events.csv",2026/2/4,Initial baseline,published,timeline,"[""https://www.bmi.bund.de/DE/themen/moderne-verwaltung/ausweise-und-paesse/online-ausweisfunktion/online-ausweisfunktion-node.html""]"
DNK,I01,"National
Denmark operates a central population register (CPR) as a national system of record; municipalities perform updates within a nationally unified registration framework.",2026/2/4,I01 explanatory detail expanded for consistency (classification unchanged).,published,national;cpr,"[""https://www.cpr.dk/english""]"
DNK,I02,"Yes
A central population register is in place, and resident attributes linked to the personal number are managed consistently nationwide. Address and other core attributes are commonly referenced across public administration, functioning as the nationwide backbone for resident information verification.",2026/2/4,I02 detail expanded for consistent explanatory depth (definition refined; see README).,published,nationwide;cpr,"[""https://www.mitid.dk/en-gb/help/help-universe/non-citizens/"", ""https://lifeindenmark.borger.dk/apps-and-digital-services/non-danish-eid"", ""https://www.cpr.dk/english""]"
DNK,I03,"Common
A single personal identifier (the CPR number) serves as the primary reference for interacting with public authorities and is routinely used across core administrative functions. In practice, the CPR number is also widely required in everyday life for activities such as banking and healthcare access, creating a stable common key that spans public administration and common private-sector transactions. This makes the personal identifier institutionally and practically “common” across domains.",2026/2/4,Initial baseline,published,common;cpr,"[""https://www.cpr.dk/english""]"
DNK,I04,"Nationwide
Digital self-services rely on CPR and MitID; cross-service access works via shared identity infrastructure.",2026/2/4,Initial baseline,published,nationwide;digital-services,"[""https://www.mitid.dk/en-gb/help/help-universe/non-citizens/"", ""https://lifeindenmark.borger.dk/apps-and-digital-services/non-danish-eid""]"
DNK,I05,"No
Denmark does not have a mandatory national ID card for residents. Identity is typically proven with passport or driving licence; municipalities can issue an identity card as photo ID in some situations.",2026/2/4,Replace generic CPR source; clarify optional municipal ID card; remove needs-review,published,no-id-card;optional-municipal-id,"[""https://international.kk.dk/live/cpr-registration-and-documents/identity-documents-and-certificates/identity-card"", ""https://politi.dk/en/law-and-information/travel-id""]"
DNK,I06,"Nationwide
MitID is the Danish national eID used for public self-service solutions; can be obtained via app and passport scanning.",2026/2/4,Initial baseline,published,nationwide;mitid;smartphone,"[""https://www.mitid.dk/en-gb/help/help-universe/non-citizens/"", ""https://lifeindenmark.borger.dk/apps-and-digital-services/non-danish-eid""]"
DNK,I07,"Planned
Mobile driving licence (mDL) is being explored within the EU Digital Identity Wallet large-scale pilot use cases; Denmark participates in EU wallet pilots, but a nationwide ISO/IEC 18013-5 mDL issuance programme is not yet confirmed.",2026/2/4,Update I07 sources from generic manual to EU pilot documentation,published,planned;eu-wallet;mdl,"[""https://ec.europa.eu/digital-building-blocks/sites/spaces/EUDIGITALIDENTITYWALLET/pages/694487808/What+are+the+Large+Scale+Pilot+Projects"", ""https://www.digital-identity-wallet.eu/wp-content/uploads/2025/10/POTENTIAL-brochure_FINAL.pdf"", ""https://ec.europa.eu/digital-building-blocks/sites/spaces/EUDIGITALIDENTITYWALLET/pages/920064565/LSP-EWC""]"
DNK,I08,"Yes
MitID is the national eID and key to digital services across Denmark.",2026/2/4,Initial baseline,published,authentication;mitid,"[""https://www.mitid.dk/en-gb/help/help-universe/non-citizens/"", ""https://lifeindenmark.borger.dk/apps-and-digital-services/non-danish-eid""]"
DNK,I09,"Procurement
Government cloud adoption in Denmark is guided via public-sector policy and procurement practices, including official guidance for public authorities on selecting and using cloud services (risk, law, security and contracting considerations).",2026/2/4,Finalize I09 wording; remove needs-review after source update,published,procurement;cloud-guidance,"[""https://en.digst.dk/digital-governance/new-technologies/guide-on-the-use-of-cloud-services/"", ""https://digst.github.io/cloud/intro.html""]"
DNK,I10,"Adequacy
GDPR applies (EU member state).",2026/2/4,Initial baseline,published,gdpr;privacy,"[""https://eur-lex.europa.eu/eli/reg/2016/679/oj""]"
DNK,I11,"Yes
Key milestones captured in events.csv",2026/2/4,Initial baseline,published,timeline,"[""https://www.mitid.dk/en-gb/help/help-universe/non-citizens/"", ""https://lifeindenmark.borger.dk/apps-and-digital-services/non-danish-eid""]"
EST,I01,"National
Estonia maintains a centrally managed population register at the state level; interoperability platforms such as X-Road enable data exchange but do not alter the national nature of the register.",2026/2/4,I01 explanatory detail expanded for consistency (classification unchanged).,published,mandatory;residents,"[""https://www.siseministeerium.ee/en/activities/population-procedures/population-register""]"
EST,I02,"Yes
A nationally managed population register exists, and core resident attributes can be referenced and verified by public authorities nationwide. Residence (address) data are continuously updated and treated as authoritative for administrative procedures, forming a clear nationwide backbone for resident information reference.",2026/2/4,I02 detail expanded for consistent explanatory depth (definition refined; see README).,published,nationwide;population-register,"[""https://www.siseministeerium.ee/en/activities/population-procedures/population-register"", ""https://www.riigiteataja.ee/en/eli/ee/524082022003/consolide/current""]"
EST,I03,"Common
A national personal identification code functions as a foundational identifier and is embedded across the digital and administrative ecosystem. It is used as the identifying key in government systems and is also routinely used in private-sector contexts such as e-services and regulated transactions, making it a practical common identifier across domains. The identifier is institutionally framed as a core component of the national e-identity environment rather than a sector-limited reference.",2026/2/4,Initial baseline,published,mandatory;banking;telecom;health,"[""https://www.ria.ee/en/state-information-system/electronic-identity-eid-and-trust-services/electronic-identity-eid""]"
EST,I04,"Nationwide
X-Road enables secure data exchange across government and private sector",2026/2/4,Initial baseline,published,nationwide;once-only,"[""https://www.ria.ee/en/state-information-system/data-exchange-platforms/data-exchange-layer-x-tee""]"
EST,I05,"Yes
Mandatory ID-card enabling authentication and digital signature",2026/2/4,Initial baseline,published,nationwide;citizens,"[""https://e-estonia.com/solutions/estonian-e-identity/id-card/""]"
EST,I06,"Nationwide
Mobile-ID and Smart-ID enable authentication/signing on smartphones",2026/2/4,Initial baseline,published,nationwide;smartphone,"[""https://www.id.ee/en/""]"
EST,I07,"Planned
Estonia is participating in EU Digital Identity Wallet pilot work on the Mobile Driving Licence (mDL) use case, led by the Information System Authority (RIA); nationwide ISO/IEC 18013-5 mDL issuance is not yet announced.",2026/2/4,Replace generic EU manual; add Estonia RIA source re mDL pilot,published,planned;eu-wallet;mdl;pilot,"[""https://www.ria.ee/en/news/development-eu-digital-identity-wallet-services-begins-paris"", ""https://www.digital-identity-wallet.eu/wp-content/uploads/2025/10/POTENTIAL-brochure_FINAL.pdf""]"
EST,I08,"Multiple
State eID PKI + Mobile-ID + Smart-ID",2026/2/4,Initial baseline,published,authentication;signature,"[""https://www.ria.ee/en/state-information-system/electronic-identity-eid-and-trust-services/electronic-identity-eid""]"
EST,I09,"Shared-Platform
Estonian Government Cloud (Riigipilv)",2026/2/4,Initial baseline,published,shared-platform;migration,"[""https://riigipilv.ee/""]"
EST,I10,"Adequacy
EU member state under GDPR",2026/2/4,Initial baseline,published,gdpr;privacy,"[""https://www.dlapiperdataprotection.com/index.html?t=law&c=EE""]"
EST,I11,"Yes
Key milestones captured in events.csv",2026/2/4,Initial baseline,published,timeline,"[""https://e-estonia.com/solutions/estonian-e-identity/id-card/""]"
FRA,I01,"None
France does not operate an administrative population register; official population statistics rely on census-based methods rather than continuous resident registration.",2026/2/4,I01 explanatory detail expanded for consistency (classification unchanged).,published,privacy;census,"[""https://unece.org/sites/default/files/2024-01/DOC%2015_2315335E.pdf"", ""https://www.insee.fr/en/metadonnees/source/serie/s1321""]"
FRA,I02,"No
There is no unified nationwide population register serving as an authoritative resident register. While purpose-specific administrative systems exist, resident attributes are not provided through a single nationwide register backbone; verification is carried out within domain-specific arrangements rather than a cross-cutting register-based nationwide reference.",2026/2/4,I02 detail expanded for consistent explanatory depth (definition refined; see README).,published,none,"[""https://unece.org/sites/default/files/2024-01/DOC%2015_2315335E.pdf""]"
FRA,I03,"Restricted
A national identifier (NIR) exists, but its collection and use are treated as particularly sensitive and are tightly framed by law. Authorised purposes and eligible controllers are specified under the “décret cadre NIR” approach, and uses outside the defined scope are generally prohibited or require a distinct legal basis. This positions the identifier as a restricted institutional tool, rather than a freely usable common key across public and private sectors.",2026/2/4,Initial baseline,published,restricted;privacy,"[""https://www.cnil.fr/fr/numero-dinscription-des-personnes-dans-le-secteur-social-le-decret-cadre-nir-en-questions"", ""https://www.legifrance.gouv.fr/loda/id/JORFTEXT000038396526""]"
FRA,I04,"Partial
Cross-agency data exchange via state APIs (DLNUF) in specific domains",2026/2/4,Initial baseline,published,partial;api;dlunf,"[""https://www.numerique.gouv.fr/offre-accompagnement/expertise-api-donnees/"", ""https://particulier.api.gouv.fr/"", ""https://entreprise.api.gouv.fr/""]"
FRA,I05,"Yes
National identity card exists; France Identit? relies on new eID card",2026/2/4,Initial baseline,published,nationwide;citizens,"[""https://www.service-public.fr/particuliers/vosdroits/F21089"", ""https://france-identite.gouv.fr/""]"
FRA,I06,"Nationwide
France Identit? app generalized (mobile identity)",2026/2/4,Initial baseline,published,nationwide;smartphone,"[""https://france-identite.gouv.fr/"", ""https://www.interieur.gouv.fr/actualites/communiques-de-presse/generalisation-de-lapplication-france-identite-et-lancement-du""]"
FRA,I07,"Nationwide
Permis de conduire num?rique available in France Identit? (complementary)",2026/2/4,Initial baseline,published,nationwide;drivers-license,"[""https://france-identite.gouv.fr/usages/le-permis-de-conduire-numerique/"", ""https://www.interieur.gouv.fr/actualites/communiques-de-presse/generalisation-de-lapplication-france-identite-et-lancement-du""]"
FRA,I08,"Yes
FranceConnect is the state SSO / authentication federator",2026/2/4,Initial baseline,published,authentication,"[""https://www.franceconnect.gouv.fr/?lang=en""]"
FRA,I09,"Procurement
“Cloud au centre doctrine guides public cloud adoption",2026/2/4,Initial baseline,published,procurement;cloud-policy,"[""https://www.numerique.gouv.fr/cloud/"", ""https://www.legifrance.gouv.fr/circulaire/id/45205""]"
FRA,I10,"Adequacy
GDPR applies (EU member); CNIL as supervisory authority",2026/2/4,Initial baseline,published,gdpr;privacy,"[""https://www.cnil.fr/en""]"
FRA,I11,"Yes
Key milestones captured in events.csv",2026/2/4,Initial baseline,published,timeline,"[""https://france-identite.gouv.fr/""]"
GBR,I01,"None
The United Kingdom does not maintain an administrative population register; population statistics are produced through census and surveys, while government records remain fragmented by purpose.",2026/2/4,I01 explanatory detail expanded for consistency (classification unchanged).,published,none;no-register,"[""https://petition.parliament.uk/petitions/730194""]"
GBR,I02,"No
There is no resident-registration-based nationwide backbone for querying and verifying core attributes. Identity confirmation in administrative practice relies on purpose-specific records such as tax, social insurance, health, and electoral rolls, which are maintained separately; no unified register exists that enables cross-cutting nationwide verification of address-linked core particulars.",2026/2/4,I02 detail expanded for consistent explanatory depth (definition refined; see README).,published,none,"[""https://petition.parliament.uk/petitions/730194""]"
GBR,I03,"None
A National Insurance number exists as a lifelong reference number to ensure National Insurance contributions and tax are accurately recorded, and it also serves as a reference for benefits. However, it is not positioned as a single universal personal identifier used across the whole of public administration and private transactions; instead, identity and records remain fragmented by purpose and sector. Under this institutional design, the country aligns with a non-common-identifier model rather than a unified personal identifier regime.",2026/2/4,Initial baseline,published,restricted;tax;benefits,"[""https://www.gov.uk/national-insurance/your-national-insurance-number""]"
GBR,I04,"Partial
GOV.UK One Login stores verified identity attributes for reuse across services requiring identity checks.",2026/2/4,Initial baseline,published,government;identity;reuse,"[""https://www.gov.uk/using-your-gov-uk-one-login/proving-your-identity"", ""https://www.gov.uk/guidance/proving-your-identity-with-the-govuk-one-login-app""]"
GBR,I05,"No
No national identity card scheme for citizens; official identity documents are passports and driving licences.",2026/2/4,Initial baseline,published,no-id-card,"[""https://petition.parliament.uk/petitions/730194""]"
GBR,I06,"Partial
GOV.UK One Login uses a smartphone app route for identity proofing (document scan and liveness checks).",2026/2/4,Initial baseline,published,smartphone;identity-proofing,"[""https://www.gov.uk/using-your-gov-uk-one-login/proving-your-identity"", ""https://www.gov.uk/guidance/proving-your-identity-with-the-govuk-one-login-app""]"
GBR,I07,"Pilot
Digital documents (including driving licence) are referenced as future capability within the GOV.UK One Login app ecosystem.",2026/2/4,Replace app-store source with official GOV.UK wallet roadmap/docs,published,pilot;drivers-license,"[""https://roadmap-for-modern-digital-government.campaign.gov.uk/join-up-services/govuk-wallet/"", ""https://gds.blog.gov.uk/2026/01/21/making-the-governments-first-digital-wallet-a-reality/"", ""https://docs.wallet.service.gov.uk/""]"
GBR,I08,"Yes
GOV.UK One Login provides a central sign-in and identity proofing service for participating government services.",2026/2/4,Initial baseline,published,authentication;sso,"[""https://www.gov.uk/using-your-gov-uk-one-login/proving-your-identity"", ""https://www.gov.uk/guidance/proving-your-identity-with-the-govuk-one-login-app""]"
GBR,I09,"Procurement
Public sector cloud adoption is supported via the G-Cloud framework and Digital Marketplace procurement.",2026/2/4,Initial baseline,published,procurement;g-cloud,"[""https://www.gov.uk/guidance/g-cloud-buyers-guide"", ""https://www.crowncommercial.gov.uk/agreements/RM1557.15""]"
GBR,I10,"Adequacy
EU has adopted adequacy decisions for the United Kingdom under GDPR (renewed, sunset clause applies).",2026/2/4,Initial baseline,published,privacy;gdpr;adequacy,"[""https://commission.europa.eu/law/law-topic/data-protection/international-dimension-data-protection/adequacy-decisions_en""]"
GBR,I11,"Yes
Key milestones captured in events.csv",2026/2/4,Initial baseline,published,timeline,"[""https://www.gov.uk/government/news/new-digital-id-scheme-to-be-rolled-out-across-uk""]"
IND,I01,"Developing
No universal population register comparable to Nordic systems; Aadhaar provides resident identity for many services but is not a citizenship register.
Legal framework exists (NPR), but updates are intermittent and census-linked; continuous resident registration not yet established.",2026/2/4,I01 explanatory detail expanded based on methodological review (classification unchanged).,published,developing;aadhaar,"[""https://services.india.gov.in/service/detail/unique-identification-authority-of-india-uidai"", ""https://uidai.gov.in/en/ecosystem/authentication-devices-documents/about-aadhaar-paperless-offline-e-kyc.html""]"
IND,I02,"Partial
National-scale attribute verification exists, but it is not based on a continuously updated population register with address-change updates as the system of record. Linkage between resident registration and nationwide reference is incomplete, so the nationwide backbone is only partially established.",2026/2/4,I02 detail expanded for consistent explanatory depth (definition refined; see README).,published,partial;aadhaar;authentication,"[""https://uidai.gov.in/en/ecosystem/authentication-ecosystem.html"", ""https://unstats.un.org/unsd/demographic-social/sconcerns/population_registers/""]"
IND,I03,"Restricted
Aadhaar functions as a nationwide personal identifier with strong institutional backing and is used as a basis for identity verification in the delivery of subsidies and public services. At the same time, the legal framework explicitly provides for conditions and exceptions, including alternative identification mechanisms for individuals without an Aadhaar number. This design positions Aadhaar as a powerful but regulated identifier, where the use of a common number is balanced by statutory safeguards rather than treated as an unconditional universal key.",2026/2/4,Initial baseline,published,aadhaar;restricted,"[""https://services.india.gov.in/service/detail/unique-identification-authority-of-india-uidai"", ""https://uidai.gov.in/en/ecosystem/authentication-devices-documents/about-aadhaar-paperless-offline-e-kyc.html""]"
IND,I04,"Nationwide
Aadhaar authentication and India Stack initiatives enable broad digital verification and service delivery nationwide.",2026/2/4,I04 refined: align IND interoperability narrative to India Stack (keep DigiLocker covered elsewhere).,published,nationwide;india-stack,"[""https://indiastack.org/"", ""https://www.digitalindia.gov.in/initiative/india-stack-global/""]"
IND,I05,"Equivalent
Aadhaar is issued as a physical letter/card and used as an identity credential; not a chip-based national ID card.",2026/2/4,Initial baseline,published,equivalent;aadhaar,"[""https://services.india.gov.in/service/detail/unique-identification-authority-of-india-uidai"", ""https://uidai.gov.in/en/ecosystem/authentication-devices-documents/about-aadhaar-paperless-offline-e-kyc.html""]"
IND,I06,"Nationwide
mAadhaar/DigiLocker-style apps provide mobile access to identity and government-issued documents.",2026/2/4,Initial baseline,published,nationwide;smartphone,"[""https://www.digilocker.gov.in/"", ""https://services.india.gov.in/service/detail/unique-identification-authority-of-india-uidai"", ""https://uidai.gov.in/en/ecosystem/authentication-devices-documents/about-aadhaar-paperless-offline-e-kyc.html""]"
IND,I07,"Nationwide
mParivahan (MoRTH) provides mobile access to transport documents; digital DL/RC are part of national transport digital services.",2026/2/4,Initial baseline,published,nationwide;mdl;transport,"[""https://parivahan.gov.in/parivahan/""]"
IND,I08,"Multiple
Aadhaar authentication (OTP/biometric) plus offline e-KYC and DigiLocker document verification provide authentication infrastructure.",2026/2/4,Initial baseline,published,authentication;ekyc;esign,"[""https://services.india.gov.in/service/detail/unique-identification-authority-of-india-uidai"", ""https://uidai.gov.in/en/ecosystem/authentication-devices-documents/about-aadhaar-paperless-offline-e-kyc.html"", ""https://www.digilocker.gov.in/""]"
IND,I09,"Shared-Platform
GI Cloud “MeghRaj is the Government of India cloud initiative to accelerate e-service delivery and optimise ICT spending.",2026/2/4,Initial baseline,published,government-cloud;meghraj,"[""https://cloud.gov.in/user/about.php"", ""https://www.meity.gov.in/content/gi-cloud-meghraj""]"
IND,I10,"No
Digital Personal Data Protection Act 2023 establishes privacy law; no EU GDPR adequacy decision for India.",2026/2/4,Initial baseline,published,privacy;dpdp;no-adequacy,"[""https://www.indiacode.nic.in/bitstream/123456789/22037/1/a2023-22.pdf"", ""https://commission.europa.eu/law/law-topic/data-protection/international-dimension-data-protection/adequacy-decisions_en""]"
IND,I11,"Yes
Key milestones captured in events.csv",2026/2/4,Initial baseline,published,timeline,"[""https://www.indiacode.nic.in/bitstream/123456789/22037/1/a2023-22.pdf""]"
JPN,I01,"Local
Resident registers are maintained by municipalities as the legal system of record; nationwide lookup is enabled through the Basic Resident Register Network, but there is no single national population register.",2026/2/4,I01 explanatory detail expanded for consistency (classification unchanged).,published,mandatory;residents,"[""https://www.soumu.go.jp/main_sosiki/jichi_gyousei/daityo/gaiyou.html""]"
JPN,I02,"Yes
A nationwide mechanism is institutionalised to query and verify core resident attributes based on the Basic Resident Register. While the legal system of record is maintained by municipalities, a nationwide network enables cross-municipality reference and supports identity confirmation in administrative procedures.",2026/2/4,I02 detail expanded for consistent explanatory depth (definition refined; see README).,published,nationwide;residents,"[""https://www.soumu.go.jp/main_sosiki/jichi_gyousei/c-gyousei/daityo/juuki01.html"", ""https://www.j-lis.go.jp/juki-net/cms_14.html""]"
JPN,I03,"Restricted
A single personal number exists for all residents, but its use is institutionally limited to administrative procedures specified by laws and regulations (for example, social security, taxation, and disaster response). The number is therefore not designed as a general-purpose identifier for broad private-sector usage, and its institutional meaning is “a common identifier with scope-limited legal use” rather than a universal cross-sector key. This reflects a deliberate design that separates the existence of a common number from unrestricted cross-domain use.",2026/2/4,Update JPN sources: Japanese official pages (Digital Agency/MIC/PPC),published,mandatory;tax;health,"[""https://www.digital.go.jp/policies/mynumber/explanation"", ""https://www.soumu.go.jp/kojinbango_card/01.html""]"
JPN,I04,"Nationwide
情報提供ネットワークシステムを通じて情報連携（情報照会・提供）を行う",2026/2/4,Update JPN sources: Japanese official pages (Digital Agency/MIC/PPC),published,nationwide;government,"[""https://www.digital.go.jp/policies/mynumber/explanation""]"
JPN,I05,"Yes
ICチップと電子証明書（JPKI）を搭載したマイナンバーカード",2026/2/4,Update JPN sources: Japanese official pages (Digital Agency/MIC/PPC),published,nationwide;citizens;residents,"[""https://www.digital.go.jp/policies/mynumber/private-business/jpki-introduction"", ""https://www.jpki.go.jp/""]"
JPN,I06,"Nationwide
スマホ用のマイナンバーカードによりスマートフォンで法的な本人確認が可能",2026/2/4,Update JPN sources: Japanese official pages (Digital Agency/MIC/PPC),published,nationwide;smartphone,"[""https://www.digital.go.jp/policies/mynumber/smartphone-certification""]"
JPN,I07,"Planned
運転免許証のマイナンバーカード一体化が予定されるが、スマホmDLは全国展開ではない",2026/2/4,Update JPN sources: Japanese official pages (Digital Agency/MIC/PPC),published,planned;drivers-license,"[""https://www.digital.go.jp/policies/mynumber/drivers-license"", ""https://www.npa.go.jp/bureau/traffic/r4kaisei_main.html""]"
JPN,I08,"Multiple
住民向けのJPKIと、行政向けのGPKIによる認証",2026/2/4,Update JPN sources: Japanese official pages (Digital Agency/MIC/PPC),published,authentication;signature,"[""https://www.digital.go.jp/policies/mynumber/private-business/jpki-introduction"", ""https://www.gpki.go.jp/""]"
JPN,I09,"Shared-Platform
政府共通のクラウド環境（ガバメントクラウド）",2026/2/4,Update JPN sources: Japanese official pages (Digital Agency/MIC/PPC),published,shared-platform;migration,"[""https://www.digital.go.jp/policies/gov_cloud""]"
JPN,I10,"Adequacy
個人情報保護法（PPC）とEU GDPRの十分性認定（2019年）",2026/2/4,Update JPN sources: Japanese official pages (Digital Agency/MIC/PPC),published,privacy;gdpr,"[""https://www.ppc.go.jp/enforcement/cooperation/cooperation/sougoninshou/"", ""https://eur-lex.europa.eu/eli/dec_impl/2019/419/oj/eng""]"
JPN,I11,"Yes
主要なマイルストーンは events.csv に整理",2026/2/4,Update JPN sources: Japanese official pages (Digital Agency/MIC/PPC),published,timeline,"[""https://www.digital.go.jp/policies/mynumber/explanation""]"
KOR,I01,"Local
Resident registration controlled by local authorities under national supervision
Local register held by municipalities; nationwide IT network enables cross-municipal lookup but legal system of record remains local.",2026/2/4,I01 explanatory detail expanded based on methodological review (classification unchanged).,published,mandatory;citizens,"[""https://www.mois.go.kr/cmm/fms/FileDown.do?atchFileId=FILE_00071103sZW9zNB&fileSn=0""]"
KOR,I02,"Yes
A resident registration system provides a nationwide basis for referencing and verifying core resident attributes. Residence (address) information is maintained under the resident registration regime and is widely used across administrative procedures, enabling consistent nationwide verification of core particulars.",2026/2/4,I02 detail expanded for consistent explanatory depth (definition refined; see README).,published,nationwide;government,"[""https://www.mois.go.kr/eng/sub/a03/EGovernment/screen.do""]"
KOR,I03,"Restricted
A resident registration number exists as a strong identifier in the administrative environment and is treated as a direct identifier under the personal information protection framework. At the same time, private-sector processing of this number is generally restricted to limited legal bases and is not treated as an acceptable everyday identifier for routine private authentication or broad commercial reuse. This creates a design that is not “scope-limited by administrative domains” in the Japanese sense, but is instead “private-use constrained” while remaining a powerful identifier within the public sphere.",2026/2/4,Initial baseline,published,restricted;privacy,"[""https://www.mois.go.kr/cmm/fms/FileDown.do?atchFileId=FILE_00071103sZW9zNB&fileSn=0"", ""https://www.mois.go.kr/eng/bbs/type001/commonSelectBoardArticle.do?bbsId=BBSMSTR_000000000019&nttId=116395""]"
KOR,I04,"Nationwide
Digital Platform Government aims to connect systems and data across agencies",2026/2/4,Initial baseline,published,nationwide;data-sharing,"[""https://dpg.go.kr/DPG/main/eng.do""]"
KOR,I05,"Yes
Resident Registration Card (physical) and related identity documents",2026/2/4,Initial baseline,published,nationwide;citizens,"[""https://www.mois.go.kr/eng/a01/engMain.do""]"
KOR,I06,"Nationwide
Mobile Resident Registration Card available nationwide (mobile ID)",2026/2/4,Initial baseline,published,nationwide;smartphone,"[""https://www.mois.go.kr/eng/bbs/type001/commonSelectBoardArticle.do?bbsId=BBSMSTR_000000000019&nttId=116395""]"
KOR,I07,"Nationwide
Mobile driver’s license issuance supported (mobile ID ecosystem)",2026/2/4,Initial baseline,published,nationwide;drivers-license,"[""https://www.koroad.or.kr/eng/content/view/ME05030000.do"", ""https://play.google.com/store/apps/details?id=kr.go.mobileid&hl=en""]"
KOR,I08,"Multiple
Korea operates a government-led mobile ID ecosystem on a blockchain-based integrated system, with mobile IDs (e.g., driver's license, veteran ID, foreign resident ID) being introduced in coordination with ministries; mobile IDs are planned to expand e-government use including electronic signature capabilities.",2026/2/4,Refine I08; remove needs-detail; add official sources,published,authentication;mobile-id;blockchain;ecosystem,"[""https://www.fsc.go.kr/eng/pr010101/84215"", ""https://www.korea.net/NewsFocus/policies/view?articleId=210038""]"
KOR,I09,"Shared-Platform
Government-wide cloud and digital government modernization",2026/2/4,Initial baseline,published,shared-platform,"[""https://www.mois.go.kr/eng/sub/a03/EGovernment/screen.do""]"
KOR,I10,"Adequacy
EU GDPR adequacy decision for Republic of Korea (2022/254)",2026/2/4,Initial baseline,published,privacy;gdpr,"[""https://eur-lex.europa.eu/eli/dec_impl/2022/254/oj/eng""]"
KOR,I11,"Yes
Key milestones captured in events.csv",2026/2/4,Initial baseline,published,timeline,"[""https://www.mois.go.kr/eng/sub/a03/EGovernment/screen.do""]"
NZL,I01,"None
New Zealand does not operate a population register comparable to Nordic systems; population statistics rely on census-based methods rather than continuous resident registration.",2026/2/4,I01 explanatory detail expanded for consistency (classification unchanged).,published,none,"[""https://www.govt.nz/organisations/realme/"", ""https://www.digitalidentity.dia.govt.nz/services/realme-verified""]"
NZL,I02,"No
There is no resident-registration-based nationwide backbone for querying and verifying core attributes. Population measurement relies on censuses and combinations of administrative sources, and a continuously updated population register serving as an authoritative system of record for address changes is not established.",2026/2/4,I02 detail expanded for consistent explanatory depth (definition refined; see README).,published,none;no-register,"[""https://www.stats.govt.nz/research/a-register-based-census-what-is-the-potential-for-new-zealand/"", ""https://crvs.unescap.org/system/files/sites/default/files/7.%20New%20Zealand%20Presentation.pdf""]"
NZL,I03,"None
A lifelong IRD number exists primarily as a taxpayer identifier for tax-related events and administration, rather than as a universal personal identifier across domains. Digital identity services (such as RealMe verified identity) provide reusable identity verification, but they are not a single national “personal number” that functions as a cross-sector common identifier. Under this institutional arrangement, the country aligns with a non-common-identifier model rather than a unified personal identifier regime.",2026/2/4,Initial baseline,published,restricted;identity,"[""https://www.govt.nz/organisations/realme/"", ""https://www.digitalidentity.dia.govt.nz/services/realme-verified""]"
NZL,I04,"Partial
RealMe verified uses consent-based attribute sharing; identity data is pulled from source databases in real time (no central data source).",2026/2/4,Initial baseline,published,consent;interoperability,"[""https://www.govt.nz/organisations/realme/"", ""https://www.digitalidentity.dia.govt.nz/services/realme-verified""]"
NZL,I05,"No
No national ID card scheme; RealMe verified is an electronic verified identity (not a physical card).",2026/2/4,Initial baseline,published,no-id-card,"[""https://www.govt.nz/organisations/realme/"", ""https://www.digitalidentity.dia.govt.nz/services/realme-verified""]"
NZL,I06,"Partial
RealMe provides government-grade login and verified identity services; smartphone support exists but is not a single “mobile ID card",2026/2/4,Initial baseline,published,smartphone;identity,"[""https://www.govt.nz/organisations/realme/"", ""https://www.digitalidentity.dia.govt.nz/services/realme-verified""]"
NZL,I07,"None
New Zealand does not yet provide a nationwide digital driver licence (mDL). NZTA is developing a digital driver licence and has positioned the NZTA app as a first step toward it.",2026/2/4,Set I07 to None (not yet available); remove needs-review,published,none;drivers-license;in-development,"[""https://www.nzta.govt.nz/driver-licences/digital-driver-licence/"", ""https://www.beehive.govt.nz/release/nzta-app-first-step-towards-digital-driver-licence""]"
NZL,I08,"Yes
RealMe is a secure login and verified identity service used across government and many commercial services.",2026/2/4,Initial baseline,published,authentication;verified-identity,"[""https://www.govt.nz/organisations/realme/"", ""https://www.digitalidentity.dia.govt.nz/services/realme-verified""]"
NZL,I09,"Procurement
New Zealand government cloud adoption is guided by Cloud First policy decisions and assurance mechanisms such as the Public Cloud Data Centre Certification (PCDCC) programme for cloud data centres used by government.",2026/2/4,Finalize I09 wording; remove needs-review,published,procurement;cloud-first;assurance;pcdcc,"[""https://www.digital.govt.nz/standards-and-guidance/technology-and-architecture/cloud-services/cloud-adoption-policy-and-strategy/cabinet-minutes-papers"", ""https://www.dia.govt.nz/press.nsf/d77da9b523f12931cc256ac5000d19b6/46296762a107ae69cc258c8b0082f649!OpenDocument""]"
NZL,I10,"Adequacy
EU recognises New Zealand as providing adequate protection for personal data transfers.",2026/2/4,Initial baseline,published,privacy;gdpr;adequacy,"[""https://commission.europa.eu/law/law-topic/data-protection/international-dimension-data-protection/adequacy-decisions_en"", ""https://www.legislation.govt.nz/act/public/2020/0031/latest/LMS23223.html""]"
NZL,I11,"Yes
Key milestones captured in events.csv",2026/2/4,Initial baseline,published,timeline,"[""https://www.govt.nz/organisations/realme/"", ""https://www.digitalidentity.dia.govt.nz/services/realme-verified""]"
SGP,I01,"National
National Registration Act establishes a central register of persons and requires reporting of place of residence; NRIC/FIN identifiers are issued.",2026/2/4,Update I01 sources and detail (classification unchanged).,published,national;nric,"[""https://sso.agc.gov.sg/Act/NRA1965"", ""https://sso.agc.gov.sg/Act-Rev/201/Published/19920309?DocDate=19920309""]"
SGP,I02,"Yes
A national registration regime provides centrally managed core personal particulars. Resident attributes are used as a prerequisite for administrative procedures, and a nationwide institutional basis for querying and verifying core attributes is established.",2026/2/4,I02 detail expanded for consistent explanatory depth (definition refined; see README).,published,nationwide;national-register;nric,"[""https://sso.agc.gov.sg/Act/NRA1965"", ""https://www.mha.gov.sg/what-we-do/securing-our-borders/""]"
SGP,I03,"Restricted
A national registration identifier (NRIC/FIN) exists as a core identifier, but public guidance explicitly distinguishes identification from authentication and advises organisations not to use NRIC numbers as authentication factors (for example, as passwords). The regulatory stance requires private organisations to phase out such authentication uses by a stated deadline, reinforcing that the identifier should not operate as a convenient universal secret for private access control. This positions the identifier as institutionally restricted in private-sector usage even where it remains a core identifier for official identification purposes.",2026/2/4,Initial baseline,published,restricted;nric;privacy,"[""https://www.pdpc.gov.sg/news-and-events/press-room/2026/01/organisations-to-cease-the-use-of-nric-numbers-for-authentication-by-31--december-2026""]"
SGP,I04,"Nationwide
MyInfo provides a national personal data platform enabling secure, consent-based data sharing for digital services.",2026/2/4,Initial baseline,published,nationwide;data-sharing,"[""https://www.developer.tech.gov.sg/products/categories/digital-identity/myinfo/overview""]"
SGP,I05,"Yes
NRIC is a physical identity document; Singpass complements it as national digital identity.",2026/2/4,Initial baseline,published,id-card;nric,"[""https://www.pdpc.gov.sg/news-and-events/press-room/2026/01/organisations-to-cease-the-use-of-nric-numbers-for-authentication-by-31--december-2026"", ""https://www.tech.gov.sg/products-and-services/for-citizens/digital-services/singpass/""]"
SGP,I06,"Nationwide
Singpass app provides biometric/2FA login and digital identity services across thousands of services.",2026/2/4,Initial baseline,published,nationwide;singpass;smartphone,"[""https://www.tech.gov.sg/products-and-services/for-citizens/digital-services/singpass/""]"
SGP,I07,"Nationwide
Singapore Digital Driving Licence is available in the Singpass app from 7 March 2022 as an official alternative identification document for drivers (not explicitly positioned as ISO/IEC 18013-5 mDL).",2026/2/4,Correct: Digital DL launched Mar 2022; update sources,published,nationwide;drivers-license;singpass;not-iso-mdl,"[""https://www.police.gov.sg/media-hub/news/2022/20220302_launch_of_singapore_digital_driving_licence_on_the_singpass_app"", ""https://www.htx.gov.sg/whats-happening/all-news---events/all-news/2022/featured-news--driving-digitisation--the-digital-driving-licence""]"
SGP,I08,"Yes
Singpass provides authentication (2FA/biometrics) for government and participating business services.",2026/2/4,Initial baseline,published,authentication;singpass,"[""https://www.tech.gov.sg/products-and-services/for-citizens/digital-services/singpass/""]"
SGP,I09,"Shared-Platform
Government on Commercial Cloud (GCC) provides a standardised approach for agencies to adopt commercial cloud services securely.",2026/2/4,Initial baseline,published,government-cloud;gcc,"[""https://www.tech.gov.sg/products-and-services/for-government-agencies/software-development/government-on-commercial-cloud/""]"
SGP,I10,"No
PDPA provides privacy protections; no EU GDPR adequacy decision for Singapore (not listed).",2026/2/4,Initial baseline,published,privacy;pdpa;no-adequacy,"[""https://commission.europa.eu/law/law-topic/data-protection/international-dimension-data-protection/adequacy-decisions_en""]"
SGP,I11,"Yes
Key milestones captured in events.csv",2026/2/4,Initial baseline,published,timeline,"[""https://www.tech.gov.sg/products-and-services/for-citizens/digital-services/singpass/""]"
SWE,I01,"National
Sweden operates a national population register maintained by the Tax Agency, providing a central and continuously updated record of residents.",2026/2/4,I01 explanatory detail expanded for consistency (classification unchanged).,published,national;population-register,"[""https://www.skatteverket.se/servicelankar/otherlanguages/englishengelska/individualsandemployees/livinginsweden/populationregistrationcertificates.4.361dc8c15312eff6fd117b6.html"", ""https://www.government.se/government-of-sweden/ministry-for-foreign-affairs/diplomatic-portal/diplomatic-guide/7.-international-organisations/7.2-the-national-population-register""]"
SWE,I02,"Yes
A national population register is maintained centrally and supports nationwide reference of core resident attributes. Public e-services commonly rely on register-based information and verified identity means, enabling consistent nationwide verification of core particulars.",2026/2/4,I02 detail expanded for consistent explanatory depth (definition refined; see README).,published,nationwide;population-register;eid,"[""https://www.skatteverket.se/servicelankar/otherlanguages/englishengelska/individualsandemployees/livinginsweden/populationregistrationcertificates.4.361dc8c15312eff6fd117b6.html"", ""https://www.government.se/government-of-sweden/ministry-for-foreign-affairs/diplomatic-portal/diplomatic-guide/7.-international-organisations/7.2-the-national-population-register""]"
SWE,I03,"Common
A personal identity number (personnummer) is assigned through the population register and is used as an identifier not only when dealing with government authorities but also when interacting with private companies. Official guidance describes it as the standard identifier across society, supporting routine transactions and administrative processes and enabling updates to propagate through register-based services. This makes the personal identifier a practical common key across public and private domains.",2026/2/4,Initial baseline,published,common;personnummer,"[""https://docs.swedenconnect.se/technical-framework/Identity_Binding.html""]"
SWE,I04,"Partial
Sweden Connect / eIDAS infrastructure supports identity binding and attribute delivery; interoperability varies by service domain.",2026/2/4,Initial baseline,published,interoperability;swedenconnect,"[""https://docs.swedenconnect.se/technical-framework/Identity_Binding.html""]"
SWE,I05,"Yes
Swedish ID card can be applied for after population registration; used as approved identity document.",2026/2/4,Initial baseline,published,id-card,"[""https://www.informationsverige.se/en/jag-har-fatt-uppehallstillstand/att-gora-den-forsta-tiden/nar-du-har-fatt-ditt-personnummer.html""]"
SWE,I06,"Nationwide
Approved e-identification providers include BankID (mobile), Freja+, and AB Svenska Pass under the national eID framework.",2026/2/4,Initial baseline,published,eid;mobile;bankid,"[""https://www.elegitimation.se/en/obtaining-e-identification""]"
SWE,I07,"Planned
Sweden is participating in EU Digital Identity Wallet pilot activities; the EU large-scale pilots include a mobile driving licence (mDL) use case. Nationwide ISO/IEC 18013-5 mDL issuance is not yet confirmed.",2026/2/4,Update I07 sources to EU pilots,published,planned;eu-wallet;mdl,"[""https://ec.europa.eu/digital-building-blocks/sites/spaces/EUDIGITALIDENTITYWALLET/pages/920064565/LSP-EWC"", ""https://www.digital-identity-wallet.eu/wp-content/uploads/2025/10/POTENTIAL-brochure_FINAL.pdf""]"
SWE,I08,"Multiple
Authentication ecosystem includes BankID, Freja+ and eID on Tax Agency-issued ID card under the Svensk e-legitimation framework.",2026/2/4,Initial baseline,published,authentication;multiple,"[""https://www.elegitimation.se/en/obtaining-e-identification""]"
SWE,I09,"Procurement
Swedish public-sector cloud adoption is largely procurement-driven, using framework agreements and requiring compliance with data protection and security expectations; authorities report challenges around cloud contracting and compliance.",2026/2/4,Finalize I09 wording; remove needs-review,published,procurement;framework-agreements;cloud,"[""https://www.avropa.se/globalassets/forstudierapporter-vt--it/forstudierapport-webbaserat-kontorsstod2.pdf"", ""https://www.imy.se/globalassets/dokument/rapporter/rapport---anvandning-av-molntjanster-inom-offentlig-sektor-.pdf""]"
SWE,I10,"Adequacy
GDPR applies (EU member state).",2026/2/4,Initial baseline,published,gdpr;privacy,"[""https://eur-lex.europa.eu/eli/reg/2016/679/oj""]"
SWE,I11,"Yes
Key milestones captured in events.csv",2026/2/4,Initial baseline,published,timeline,"[""https://www.skatteverket.se/servicelankar/otherlanguages/englishengelska/individualsandemployees/livinginsweden/populationregistrationcertificates.4.361dc8c15312eff6fd117b6.html"", ""https://www.government.se/government-of-sweden/ministry-for-foreign-affairs/diplomatic-portal/diplomatic-guide/7.-international-organisations/7.2-the-national-population-register""]"
USA,I01,"None
No administrative population register; population statistics rely on the decennial census and sample surveys rather than a continuous resident register.",2026/2/4,Update I01 sources and detail (classification unchanged).,published,none;federalism,"[""https://www.usa.gov/census-data"", ""https://unstats.un.org/unsd/demographic-social/sconcerns/population_registers/""]"
USA,I02,"No
There is no nationwide resident register or population register that supports cross-cutting reference of address-linked core attributes. Population statistics rely on the decennial census, and administrative identity records are fragmented across federal and state systems; no unified nationwide backbone exists for verifying core particulars derived from resident registration.",2026/2/4,I02 detail expanded for consistent explanatory depth (definition refined; see README).,published,none,"[""https://www.usa.gov/what-is-social-security""]"
USA,I03,"Common
A Social Security Number was created to track earnings for benefits, but official historical analysis notes that its use expanded substantially and it came to be used as a nearly universal identifier. In practice, it is widely requested for employment reporting, benefits eligibility, and a broad range of identity-related record linkage in both public administration and private economic activity. This positions the identifier as a de facto common key across domains, even if its original statutory purpose was narrower.",2026/2/4,Initial baseline,published,ssn;employment;benefits,"[""https://www.ssa.gov/pubs/EN-05-10096.pdf""]"
USA,I04,"Partial
Federated identity and attribute sharing exist (e.g., Login.gov for participating federal agencies), but systems remain fragmented across levels of government.",2026/2/4,Initial baseline,published,federal;authentication,"[""https://www.login.gov/"", ""https://developers.login.gov/overview/""]"
USA,I05,"No
No national ID card; identity documents are issued by states (DL/ID) and federal agencies (passport) for specific uses.",2026/2/4,Initial baseline,published,no-national-id,"[""https://www.usa.gov/what-is-social-security""]"
USA,I06,"Partial
Mobile IDs are state-led and not uniform; federal services focus on account-based authentication (Login.gov).",2026/2/4,Initial baseline,published,smartphone;state,"[""https://www.login.gov/"", ""https://developers.login.gov/overview/""]"
USA,I07,"Pilot
Mobile driver’s licences (mDLs) are state-issued; TSA accepts approved mDLs at participating checkpoints (states vary).",2026/2/4,Initial baseline,published,pilot;mdl;tsa,"[""https://www.tsa.gov/realid/realid-mobile-drivers-license-mdls"", ""https://www.nccoe.nist.gov/projects/digital-identities-mdl""]"
USA,I08,"Yes
Login.gov provides a government-wide account and MFA-based authentication for participating agencies.",2026/2/4,Initial baseline,published,authentication;mfa,"[""https://www.login.gov/"", ""https://developers.login.gov/overview/""]"
USA,I09,"Procurement
FedRAMP provides a government-wide approach to security assessment/authorization for cloud services used by federal agencies.",2026/2/4,Initial baseline,published,procurement;fedramp,"[""https://www.fedramp.gov/"", ""https://www.gsa.gov/technology/government-it-initiatives/fedramp""]"
USA,I10,"Partial
No single federal comprehensive privacy law; EU adequacy exists only for US organisations participating in the EU-US Data Privacy Framework.",2026/2/4,Initial baseline,published,privacy;no-adequacy,"[""https://commission.europa.eu/law/law-topic/data-protection/international-dimension-data-protection/adequacy-decisions_en""]"
USA,I11,"Yes
Key milestones captured in events.csv",2026/2/4,Initial baseline,published,timeline,"[""https://www.login.gov/"", ""https://developers.login.gov/overview/""]"
